-0.45622481179434954,-0.9644082556999912,-0.5973702200808271,-0.8011435988730558,-0.8594161501933146
1.2429057248128224,0.7869136286950068,1.1931103136464287,1.3269805568522504,2.3094534186560547
-2.142752427546865,-1.633453725045973,-1.87212649209936,-1.775816038529931,-1.0527361287094652
-0.25253417737579426,0.179519375377922,0.20649761609787792,-0.5115531093338269,0.6128745349738635
0.5392346814808026,-0.17734597699310473,0.2782426982148338,0.8668848685221683,0.29503678740179107
-2.285904401621183,-2.6377088344060047,-2.1603525333939455,-2.7890058873646097,-1.6146529775071239
0.6593229865881254,0.723913889860347,0.6069345624794737,0.3977758421781427,0.8084105027960292
-0.5134401539350608,-0.699060569012771,-0.30203716794637164,-0.7607011885861833,-0.20968591216756288
-0.44310026157861115,0.26241312474820805,-0.22856736259798552,-0.43244585484439835,0.3269780776345249
-0.4248579855374377,-0.568040089569316,-0.35608352143667754,-0.7425682690941716,-0.2970990883930459
1.5849299617852952,0.9727750951756139,0.9531333932980953,1.4026365390256335,0.3014589399984588
0.19705159697560481,0.5182463692895709,0.1124186038229407,0.004077864326220205,-1.8005085619203938
-2.1967080535505117,-2.3235609635105043,-2.350897480094419,-2.5625991627655718,-2.5558113664802393
-0.3009379595026637,-0.6814102602006696,-0.49422660801507623,-0.3969067885535034,1.2560745096661858
0.0653949160731293,0.7068407368774631,0.3587495749063146,-0.386356724152552,0.3645650301386202
1.3080181958803647,1.8339524334345905,1.8364289269572593,1.070763876085526,0.6738299007751409
-0.2683517845571021,-0.2025828841089695,-0.4293986024016184,-0.15838151651161184,-0.6950475044564857
0.4153801983088405,0.312844362479313,0.22412910577815803,0.6264723738917843,0.29817621471248235
-0.8743764939571728,-0.7575828629562414,-0.44759304331969735,-1.0813433836225441,-1.3503845344940553
-1.2723572749761922,-1.3551367286442384,-1.3876471304491134,-1.5329992746237298,-1.5925085454864925
-0.6448662024620501,-0.6086784241829803,-0.9324322495022594,-1.0542049155503244,-1.3632658010096268
1.3017976050898947,1.2461021133790988,1.0064383894422888,1.1018165694560578,0.8650511485976625
-1.2596307998782974,-0.9612039243945583,-1.2930060110580388,-1.288102389707438,-0.7334160298158727
-1.0003264746261713,-0.7526339630552965,-0.9479883561062618,-0.5725433671901572,-0.9922399989094514
0.7355035936414925,0.7609068808719154,0.7902245628345526,1.0388736061914174,0.5199652879827547
-0.33076452497378667,-0.40806524182091924,-0.7812726312258055,-0.1909573530423797,-0.11968637363611054
1.6952308904369688,1.6962405800470786,1.3018294973039828,1.3726044310617056,0.7116768500206133
-0.44210695249888804,-0.061605588225772785,-0.010756158167114822,-0.16249771791209244,0.3366158182044005
0.7802824869105969,1.0695706362792246,0.7969218104226574,0.3611791607808812,0.2732481440942638
0.2848167138685026,0.3306989042604643,0.6665420661182646,0.22304051759593144,0.36510935155121266
1.0351470335201163,0.8802052942578732,0.8081006639096544,0.8445852746822903,1.5006237937417408
0.14128456546449672,-0.9491719676160784,-0.6611360381164623,0.7280159570971422,-0.255216526302281
-0.21775926887846447,1.0326796855182603,0.9974333993972385,0.13566352958323225,1.5986791617650278
0.7178719150940656,0.7095559960161333,0.8492326954902192,0.41463505107577603,0.9669530389610571
-2.169413220881558,-2.310204716534016,-2.177110206304543,-2.0845293603413526,-1.795885087074946
0.28095136792430236,0.6574110371047336,1.044379329159948,0.1304945913879462,1.3066160419301622
-0.12905516551139848,-0.29061849534146866,-0.09492916505469343,0.2364297659741819,-0.3053399436365446
1.1004321041187985,1.1034960887860432,1.0632053799317462,0.754099846457948,0.5774521751974103
-0.6725289565702687,-0.046172498313853484,-0.24220673884356936,-0.4477046817102268,-0.040170271589055936
-0.9617977951718486,-1.2397071353024387,-1.4085746167644724,-1.1502703625340354,-1.9450303527258246
0.5717712555112898,0.9300421717414266,1.0569542875726308,0.7317718190785634,0.14267804662441197
-0.755892714065102,-0.6452781037914581,-0.3490774265640657,-0.5300997829180016,1.001032121974624
-0.6297782420042235,-0.09724062625558742,-0.30453406007778766,-0.4676117445496157,-0.7364008770082601
1.1408852261040432,1.2017048710696614,1.0845145067041904,1.1851019141545915,1.0677960593692597
-1.5834832787524435,-2.0294251541268387,-2.0074665275464847,-1.312004781330349,-2.345421069820659
-0.23267630097416897,-0.1500113231696379,-1.0933758788124157,-0.43112116768990805,-1.7248167729340411
-0.30887789936901067,-0.7790681051151267,-0.6498765110298864,-0.0672828932825212,0.42088386473634665
0.4935282419688738,0.20957442259058026,0.149306587211932,-0.16387042604458915,-0.3210662975945271
1.7918217623307875,2.2963291559087,2.320450917894425,1.6835146764174387,0.6666029709457688
0.5042115799855285,0.7482201177422488,0.6961794285618816,0.7702664878498536,1.8818964582794497
-0.8729291319869954,-0.8389667740493854,-0.8234864371181393,-0.328578167462756,0.39766970098520865
1.9592841481339747,1.789622845191218,1.998607999288088,2.0141576066455764,1.162870047802389
-0.24550026723632984,-0.5166687681385213,0.04702715759762251,0.014632293957299494,0.4976145586415513
-0.6463536603503967,0.1567125896573299,-0.015935761768602733,-0.5026955646013397,0.8576313589586779
-0.7254394848056926,-0.8072070631745456,-0.7019261578032749,-0.2986387506597387,-0.7052293793696031
-0.6192412319405856,-0.11353635689831816,0.011202117866828306,-0.2363433374232425,0.7524164605006959
-0.8263668640558586,-1.6411600356398282,-0.7872950974140148,-0.46076558314059957,0.34682409035732076
-0.672878819578848,0.746587545288248,0.5108921825715931,-0.8740919244744231,1.094622432956538
-0.10424091162161411,-0.5715161733660202,-0.24193986872806336,-0.08395510245078146,0.7956680910559164
-1.437255339694462,-1.512127587302821,-1.0327955778674642,-1.6201877331933296,-0.3000369092801966
-0.3861092018222972,0.05598013893765012,0.07625354467477875,-0.7556324009661342,0.05732097403693475
1.1672844114594794,0.7681090925343463,0.9440271302384051,1.2033542914514932,-0.019165073449060637
0.48793365957708495,0.10325740515115936,0.41117352163773463,0.47245097886862814,0.892840193945791
0.5258237025048135,0.3604726712477714,0.27910056479171136,0.1276330070022448,0.454918912878373
-2.050453463027144,-2.0021343720609366,-2.0092945508357944,-2.1826514971950415,-1.6510355683340292
1.513037159062707,1.4370706979982504,1.4226502572592568,1.455544289882326,1.5091810544301598
0.6035251241046424,0.48746567376205446,0.5480865033934782,0.5858387125489992,0.8487061847821191
0.35951267903003803,0.992328359905896,1.1778924642077533,0.03613352881289955,0.640978624509508
-1.044909825048281,-0.8801845518554973,-1.2875406169970791,-1.186373048675088,-1.0946823681806062
0.5365393336186887,0.23156716797244645,0.6738602798268775,0.06312311915376721,0.7620995045836507
1.607189632382207,1.5152616229817293,1.4934554078930455,1.162514778732836,0.4076631713402361
0.018919143819991345,0.15391474982114808,0.32826351040677554,-0.01840076941044958,-0.11894771214859004
0.26107061769850193,-0.8434179337480041,-0.7536519125251907,0.42882373311599126,-1.2180665127133288
0.06706410357230401,-0.5225406470288209,-0.1525706500521988,-0.1592451888351359,-0.6641864157897952
1.4684174860622694,1.024210356931851,0.7715148731105896,1.2263299710709377,-0.12382296107427439
-0.7703992057653616,-0.5784586578861353,-0.7207882433691123,-0.5333698015314071,0.6149606183126566
-0.5390833639961824,-0.8624128152767719,-0.6815779287251985,-0.2878606521435475,-0.04128718368724077
-0.5964112149977797,-0.33813299195775853,-0.4339810511679535,-0.7362125026348835,-0.28622767733736054
0.6083533689940515,1.3028642414878506,0.7871190721620487,0.9510375904487773,-0.11622843354689673
0.5774757071119346,0.9484232450164709,0.977054873901778,0.09659677274540336,0.28798843541405833
0.12567221608280596,-0.6130753281081732,-0.5381875579349119,0.0631502792371975,-0.7439324935995122
0.9537562618698183,0.7645453933103318,0.6243290177725505,1.265220025263522,0.21812065644279585
0.6081588394815589,1.0613293414031648,0.8950288584700972,-0.04834668814286254,-0.3137976364361921
-1.9976098421788862,-1.7164516328567618,-1.8463732023189294,-1.844578933137784,-1.5772946914079777
-0.7688203013061893,-1.0836817289056961,-1.092766522182111,-0.71704918964485,-0.03337617776814333
-0.30306250714372157,-1.3229876243916887,-1.4070725589072541,-0.5718688818437134,-2.732742846074082
1.921707977079979,2.5584036076071084,2.4000874565427037,1.9638163606821022,1.3508889451231554
0.024365559636998914,-0.7120828815475062,-0.5369602088324693,-0.08336163941266998,-0.5471806105484522
-0.3600445424427306,0.27577015177526937,-0.01711743831138045,-0.589900279088213,0.48330926674663066
-1.3923961496591117,-1.177580815418084,-1.120676627817813,-0.7895744900345583,0.06340894222313369
0.6163408961200557,0.6533201921757906,1.2897798124771604,0.7029095350405378,1.3255254782684462
0.6854062108129731,0.7407367855064529,0.5673716895953438,0.6796791388205271,1.018387809475496
0.9740616157653217,0.7388216444905756,0.8256625977902862,0.8362058117811104,0.5053688521790549
-1.2859777582579086,-0.8880488628391836,-1.1531266596357466,-0.8628102170735128,-0.7597640838364857
-0.22056073750611777,-0.21709458690890132,-0.5025425787967289,0.15082136232639004,-1.0309372606193679
0.3496270615449444,0.43058893457535774,0.7609855039142175,0.2798152549088336,1.0810579419300383
-0.6545799527815451,-0.29617966399952395,-0.6234425287111653,-0.7490932815282301,-1.152370784244609
0.875605606672831,0.9947420663764311,1.0548424840324637,0.8440154460293007,1.554663703391038
-1.0492005440532943,-1.2728489482746692,-1.4662941837792107,-1.1326232793969246,-0.41874893652723677
-0.24600939926449697,-0.3430385241503621,-0.1976920682653861,0.23012965150374087,-0.1994949045460032
1.36458922893497,1.8533003249504785,1.750321097833164,1.6378857758400975,1.107675517573933
0.4221295411328434,1.0003972331088455,0.7334092003147106,0.19673278387554988,0.4491162209846683
0.5404333677036776,0.5699866659671046,0.5912526556180713,0.8357791875119481,-0.23857226833116993
0.2933297595041354,0.9498232641238263,0.8324968019536202,0.7798683359099782,1.8056941289263266
-0.5021018170178871,-0.1262189396602782,-0.5641985943745162,-0.33049849376979984,-0.7250111890681649
0.7029945155305874,0.28705723901870717,0.2724153283103043,0.48702239210496273,-0.7358413307537406
-0.4605429124572021,-0.14134230889843638,-0.09999994305910749,-0.44325088659327155,0.21769828720891038
0.5066340149926777,0.4946549025296817,-0.14702861556589425,-0.12819774426709057,-1.9395969177767662
-0.011102876844683956,0.23402141716801714,0.45184792774822313,-0.15286390652479104,0.14405113238613895
-0.13626113752806207,-0.37918867116915117,-0.19953347365799246,-0.4731544354681161,0.06132167570384647
-0.951574368620244,-1.1077723836425712,-0.8812274970343997,-0.8005195620034278,-0.6909076974472029
0.18752956114563432,0.4851206677292028,0.6529026064136976,0.1543183906538051,0.3502015438217755
0.05394072619223685,0.5026332287068647,0.12711797924707507,0.34342633671269635,0.33357549787773905
-0.05008048339435263,-0.3695377937021776,-0.2737344001457652,-0.03681583900597681,0.5409951110518412
0.3479100514872342,0.20114101673942922,-0.11086273899187701,0.46623589172944835,-0.7178888336681197
2.416506015462522,1.9554481098142729,2.294648407297455,2.1518766285347835,1.916217141888689
0.7043789896216202,-0.37789313466875324,0.1715246261202135,0.8922718127233937,0.35889573495365906
1.8478040825391355,1.9809129488350523,1.6213499492181171,1.7184546413972897,1.5108811486639395
1.0100720665664362,1.0087325243555185,1.1630970513638372,0.9018798008232992,0.9284159246914981
-0.6888918090062645,-0.875316926411455,-0.9567369790140722,-0.5892121269050281,-1.4893297990079184
-0.03452470759111071,0.38164628874224055,0.3178087015788877,0.005263248808452478,0.1631685607757804
0.9357422506383042,1.1250985248223038,1.0161102946232754,1.4859328531037306,1.165597669980848
-2.0770636848794,-2.1199160233117547,-2.3331049635035166,-1.6066746765078674,-1.334198786243654
0.3037110296412391,0.08111793300196841,0.23993672107450922,-0.0015885688035522482,0.4818258778718549
0.5711224402298458,-0.0838976806812339,0.06669993456749508,0.5453185660119693,0.2595772755904013
0.3112725405078882,1.2455320786885302,0.8245385688494413,0.1784376420906432,-0.10141700479828226
-0.23939213349064525,-0.22638487183217917,-0.3023735999427129,-0.31718669298182206,0.07214646386597195
-0.8036600506603749,-0.6369479113553733,-0.8087756095150059,-1.1311379325714175,-0.9889639184175734
0.06662875149281183,0.23601005483737758,0.3693046012408337,0.17597826275979916,-0.22943338230156027
-0.6906067510415472,-1.3203530824926852,-1.4119170023449736,-0.8547806841537294,-0.8670031961702183
0.2844379445025308,-0.6650029025601798,0.08144979944150557,0.4468096063804226,1.3971854296299093
0.4010713087505629,0.16300312361373157,0.07580718048232403,0.5968769584461447,0.5533597327013263
0.9367849365521528,1.5553831386208363,1.2462568121215691,0.941331184933959,0.5312430644143129
0.735931056290278,1.2032604574721706,0.6516152261090031,0.6727692292944658,-0.035931606064261816
0.4758604698913993,0.5297752530003964,0.6268632550753008,0.2722411320212489,0.9327886729900209
1.0991385197017205,1.9608772068644986,1.6023742257870388,1.4289692764819677,1.240606499981942
-0.008647288599167474,0.37044715294126257,0.24009188580202379,0.09435623037992455,-0.22170157404422008
-0.25586068027950837,-0.5640409744472278,-0.6154777449905882,-0.14804861325848567,-0.7457876058760969
-0.5921551960223626,0.3255101454000617,-0.35098965666425586,-0.2978390502435572,-0.8767039908840711
-1.1178894105147457,-1.4067349817528,-1.0940066903155117,-0.7381147437354706,-0.6068841935734142
1.938777823504052,1.9307696130275955,1.9625053644678394,2.046664034827387,0.8387746686909093
0.5880043207166783,0.9569146082954219,0.8328685202273998,0.5495633574663753,0.8662605565144652
-0.07095649074000585,-0.5874067776643394,-0.2614451218656235,-0.1980168254474705,-0.8155080352525943
-0.8497603608034981,-0.7816621422721862,-0.7518781660485598,-0.7918433638306499,-0.9435751905355155
0.17985581877836065,0.5151071286217678,-0.1216552111221784,-0.352875208874807,-0.6459192586074851
1.4467444137781111,1.066616107583704,1.179208484641513,0.7342985649171094,0.7846540621880762
-0.008389523672455738,0.00523356333274294,-0.5422356752781711,-0.1563285408825072,-1.1590807220853618
0.6625694941926986,1.1561328622360219,0.8074644142414247,0.6116192710643306,0.20822295377201322
0.5260395398509222,0.28979405080698806,0.26499891786764235,0.7673111058568248,0.4464488495831964
-0.9844496999462071,-0.4270155912943075,-0.7961183303017136,-0.9987232980072195,-0.8025326861887531
0.2790865354559753,1.0525476979993706,0.7251212794318104,0.039713009117949956,-0.5671133892047188
1.345631427911161,1.8605308370721079,1.4107511433961228,1.136058921454566,-0.20724926958387122
-0.06009150579429313,-0.3232119876192043,-0.41829786828671706,-0.8740286650272776,-0.7989283456333613
2.455203802089551,2.63871112745585,2.679626504007853,2.713594072060232,3.3832067950795084
1.337594464033155,0.6458048023243582,0.6428680628293314,1.5895841497727383,0.7708470734001818
0.28860281527656556,0.7181259494066347,0.6449909995033047,0.3156229865479708,0.25006762480736333
0.27563754398690443,0.6569281939608572,0.8867445615824522,0.4208596888919058,0.5657186035942984
0.32768401045585205,0.6124576332928263,0.6665831026658036,0.2717965308465173,0.46806407880932777
-0.21328003532574952,0.8172753262245575,0.5327028697767879,-0.5923209931489795,-0.07386839610269376
1.1321786494518875,1.42551999262748,1.143195263582621,0.7455367803540645,0.2274326098210769
-0.15653326882338864,0.4749766135603253,0.6453827038569399,-0.2843496530753032,0.643742078030232
-0.8903135803734197,-0.5670870536522278,-0.8860577305616908,-0.8830240856297553,-1.4479322361549207
1.0999779020294052,0.6058181005869905,1.178418343371843,1.3283993909025364,0.9550079187114711
-1.174800445448906,-1.3903212478775786,-1.4122214874945633,-1.0066579718404842,-0.6486854541035066
-0.7449482696292934,-1.3355285593902901,-1.1064970039442752,-1.0309391792002458,-0.21627704175169607
0.2905116231899493,-0.5555356527540987,-0.6286739852925067,0.25172330720145514,-0.9505364028675358
-1.6552671406491308,-1.962021143832334,-1.414296219134549,-1.4603418750325874,-0.8488357417452557
-0.8004446864045608,-0.5745916233387419,-0.28418627611800557,-0.8748577377988933,0.3083384590181699
-1.0805378892692485,-0.45751096403316954,-0.35954868480734786,-1.0154669745349896,0.26578016425998574
-0.8000235005574552,0.12484157661383195,-0.4468384809649127,-0.6819811710855769,-0.22789963004872976
-0.13756569567151827,0.940778521078235,0.9720220205228549,-0.4187547787238096,0.5360153172203505
-0.10709990125778726,0.2257942788143241,0.06011124633857963,-0.47203506562506653,0.09322211900229206
-0.7237473053970563,-0.8513753771027065,-0.6619401246299329,-1.1345442887418304,-0.9096504907293327
-0.033592265152148616,-0.13217390928957348,0.07404119419357785,0.1975246198424568,0.8328113763452009
0.6413630807508306,0.006434356896386963,0.16267301632165945,1.8647152436840062,0.32189098466630006
-2.06020277692169,-2.230169270618696,-2.1676351703412347,-2.0550509773482046,-2.602411823890144
0.04197814302468126,0.03242296533529501,-0.025623565096512643,0.16023768387813633,-0.04188800989823797
-0.39798606356002786,0.4179467054598488,0.16319204765464007,-0.5166926793671947,-0.3365738850067834
0.9320476228562691,1.7451009004228737,1.7508239790384843,1.0627129906952302,1.1484436845397767
0.10827132412164804,-0.8535388723357326,-0.7669986863652668,0.016254341651335862,-0.5535294207482306
0.695959009545184,1.420085860999083,1.218729063321957,0.6671259499284673,0.9059622196814878
0.10688715840667064,-0.21545563242178692,-0.4164767943814933,0.09157692199221962,-0.555681616567446
-0.8901878524516044,-0.5999257815891015,-0.45929923059793404,-0.6500768392738038,0.47062726486882595
-0.4971151576843346,-0.7152964968931265,-0.7960130374730338,-0.3032256542129377,-0.860952449092093
-2.5673172829907354,-2.5213674073295276,-2.452429437120288,-2.6682021543140153,-1.5013966521616775
1.2588594430073201,1.7369859228223385,1.5061111485415424,0.9536115411279712,-0.2509543172391687
1.744059054961724,1.3392733216918207,1.3754396147986587,1.4399133927813146,0.5558034437156772
-0.5625810577846129,-0.6260812845995166,-0.5006325723230307,-0.47228216477539664,0.5993137028356209
0.2468709510046521,0.662690952698769,-0.2943653472479993,0.22253688339105057,-0.5294008633627704
0.029264931137790905,0.19102427348477083,-0.223408332720497,-0.32806954557653206,0.12818362479163728
0.5835687390614669,0.5446950820357641,0.3461020594509167,0.2333359151895271,0.39026343311208045
-1.9317573162380226,-1.5226094599835902,-1.6354520227501148,-1.9604614904788773,-2.1283109443245163
0.6467632996338616,0.9584619658971772,0.5290669920948156,0.5636526074826712,0.9667348927894838
-0.14850324868422582,-0.29029938636006497,-0.02185476715780841,-0.2843133082672026,0.15335753663002338
-0.35566719941783004,-0.8071993044523402,-0.8939118690255963,-0.27013524361754226,-0.6981007126612526
-0.2628534241166491,0.19466507232088487,0.22620372001427608,0.19513961265388718,-0.09785893833108544
-0.2964428629107109,-0.4761969426875996,-0.5112504733507836,-0.6539162028661237,0.22091751257408485
-0.0043836242034658345,-0.1509915540715196,-0.04880567903100717,-0.20668949403070117,-0.9403909393623349
1.087739879805684,1.3756234748941842,1.4082544893154765,1.0670172379970368,1.8859759061888433
0.6370044336073812,0.2572943263196021,0.6214844874178312,0.5235515699110139,0.640932943310276
0.8281166786129113,0.5303830705360892,0.6978725190054682,1.090482606007814,0.5874684154387388
1.1621550351276622,0.9946367096495603,1.2232800544783322,1.2390000100258298,1.3526246268819158
-1.9776505811697058,-1.6555794732131606,-1.2143946478990397,-1.8658001367711528,-0.4510056679127895
-0.5292712255608847,-0.35633745218029206,0.006802160327631154,-0.4624140294602868,0.32331437470618685
0.9131539669686537,0.8532778527779148,0.9069001550446277,1.3626155115856051,0.8471746389498411
0.49516893296159203,0.7838638757792534,0.44928143532074294,0.7652965500539911,1.0140492863014352
0.5619156144048896,0.8652772281704421,0.6340204133709433,0.6063452594459479,-0.3532018451156666
-0.31257758192535295,-0.4630102967535263,-0.8968867079668034,-0.3496085790324448,-0.12677268781435852
0.4328908846144943,0.7384601318765154,0.8500742036718949,0.83205872935136,0.6824201909786869
-0.8742069595027031,-0.5541384000938373,-0.8864255754158687,-1.088942870891455,-0.6705794301038517
-1.3814587205237496,-1.2319372794656391,-1.4753576195931437,-1.195978792986847,-0.5297906794905702
1.7248448052508498,0.954023801154018,1.197193094529207,1.7591290750451187,1.3971850271120723
0.24078816529121774,0.3009894424897193,0.26664109316828527,0.41461654883515636,1.047769774249214
0.8029953999677933,0.6971888135800243,1.0298403600938477,0.670991320355994,1.0919311070181974
-0.35314040566896204,-0.8059683200340274,-0.7885770808683406,-0.4479879411172304,-1.0269135232474151
-0.8330558148578127,-1.1728993890686172,-1.175734150740797,-0.5960137048820847,0.5522674447573038
0.2511811728658418,0.36351960318137416,0.29266148241051493,0.7113409242249005,1.0270942207717113
-0.5945562368215482,-1.1355189027919763,-1.1514999307760296,-0.9655210052296327,-1.3259964875588635
0.3316647919429612,0.28778840350780055,-0.014001456434703501,0.0914098027276279,-0.8583566190172093
-1.0755934944231913,-0.46035543061206535,-0.8183592507495605,-1.4881953573202193,-1.195390097844282
-3.4334599548612244,-2.792094972232894,-2.992541666874157,-2.736520936829853,-2.2372872677795814
0.5218490734999012,1.2575018489869358,0.5585572834662488,0.4638065870107443,-0.3625716814289085
1.1583409042752941,1.9168219801707682,1.5519005222494544,0.8046306200067542,0.5882204691175109
0.3847683411386812,0.4129963060014283,0.508640834085451,0.6628640607068444,0.17091892724363195
-0.314793977225602,-0.712423006448338,-0.2380740288061347,0.27699671090368244,0.4909391882232648
-0.12528563060374284,0.3467341163696844,0.10574988678279476,-0.14216616157098225,-1.1524517669084327
-0.03293117101162196,0.2916210943640541,0.17272382064572497,-0.044601125339598625,0.343448364363082
0.38246554613293077,-0.07434725718929147,0.34050424169076915,0.585864567369563,0.6663283735597512
0.7295210193113327,0.6825967667790683,0.8010199408401856,1.0433380806843593,1.5439044334072625
-0.4738363023437141,-0.3702533955477839,-0.5422898332276453,-0.25215123353078955,-0.574230715620446
0.9165724403440902,1.0417307468804349,1.22463966458405,1.1031298537304934,1.6567475730361585
-1.1342557787888539,-1.437033525854948,-1.5135067047239064,-0.7438508397094536,-1.3633425665841623
0.6095312316535965,1.0258357358195274,0.58656408405599,0.4116279010006343,0.0323284994444285
-0.6826356086630285,-0.5493629197721729,-0.48479257946469145,-0.6056318355582426,-0.7598998185937114
-0.429095942925495,-0.2719124963701809,0.17835127035717047,-0.13800109455674678,0.6874745087012981
0.23723445177040814,-0.1765888794179908,-0.2465560531542894,-0.14216407127479674,-0.32243741713727425
0.6180079858358821,-0.014079258371742582,0.12928296899425323,0.8347613424260292,0.7762106432868822
-0.9808685775804346,-1.5990015465576897,-2.0077552957122045,-1.3160274060078558,-1.5429634765181517
0.9433374878679371,0.9983138573489949,1.135932713632717,0.5261450190261386,1.0933550530306562
1.8879492938316604,1.7432081973594766,1.4507924874963873,1.6017849265508843,0.016136259408231074
-0.6876488150836566,-0.5020023455063264,-0.844653668366972,-0.6356740580914333,0.01546078926239541
1.6072785681994717,0.4583674745728213,0.944998724477235,1.3385002275999422,0.5302453473021339
0.10089693467538692,0.1134600428436208,0.1889069829440241,-0.023358996478233425,-0.5195222503872675
-0.6538594765535974,-0.2652850370216472,-0.5006426047070314,-0.825952539279231,-1.3469048614062196
-0.8720782948254066,-1.5541422612421498,-1.3650645090882572,-0.5803952498935628,-1.8908466484004203
0.23171044044573125,0.1740061610627971,0.3206057463691048,0.17792522730960436,-1.4893499697968655
-0.013996595779628387,0.14680232426070325,0.6331464968745364,-0.12817072786760572,0.5664990077605343
0.2866112972376654,0.009749078706933522,0.5422978621626012,0.22957208492113865,1.2171672087812015
-2.063943718593837,-1.4039016834687883,-1.5243415056525171,-2.011574960841437,-1.6717624777737436
-1.056384555546904,-0.15514957957095488,-0.4537615468057001,-1.365806850773152,-1.1428509462409182
1.3713124870841216,1.1766759684487051,1.2686081672472214,1.4202903802644824,1.7476889493566659
1.235951461799973,1.2918316227757858,1.2712168567209041,1.672225135758643,1.4586638045220208
-0.20422350807107634,0.3187065044415542,0.011374896536559473,-0.29637499762878944,0.06025699059121951
1.0817047500618098,1.550031951524717,0.898312127550666,1.0696546406691045,0.40563232288386913
-0.8516685230517408,-0.4226352433322006,-0.6370991047548881,-0.8444622581632384,-1.5593506768058714
-0.7129782987112309,-0.35565673464073355,-0.519589924633036,-1.055449578289294,-1.6265520654704484
1.4174694600537534,1.1482462349989235,1.0987213438550136,0.37818761302956677,0.41172655580262885
-0.21448518793752552,0.10909471102867518,0.024705429676164646,-0.059051327852828614,0.4619081953056849
-0.3689695681455922,0.11836475454795962,-0.1798027850437819,0.0817778825746511,-0.23672069114527533
1.3968250036487972,1.1143920001619825,1.3326006616218518,1.3369530036990835,1.1200067223956311
0.029656100509422138,-0.6165066463540247,-0.5524651454590248,0.1938807757318834,-0.41035508802546217
-1.191398589526762,-0.013782652689952983,-0.762453906607374,-0.649742358173016,-0.49083702598567464
-0.2833167671437048,0.43700593898599926,0.6788920798330942,0.007297954205659488,0.959559911257039
-0.09977861249627734,-0.18596509752900603,-0.5017144091945478,0.2638138280113518,0.0809995126810447
2.313460839203898,2.8317595162281632,2.670970884770136,2.174132265969191,1.738650420208805
0.03854498339932736,0.2011563793053938,0.4087637680895332,0.4593369898368519,1.4139012982165227
0.9708492072217928,0.6073471691722645,1.1291380357896712,1.0088013357231629,1.3758582532321566
-0.404270380268991,-0.9215653502677807,-1.106981208545454,-0.9369545934104879,-0.9798853718737096
-1.3706782388278809,-0.3665311618061759,-0.99132584426255,-1.155710931764264,-1.1857797940929042
-0.5106388706972067,-0.1599393951099791,-0.10176607340039083,-0.5784362172398573,0.9761351962460219
-1.9685244568342672,-1.4617202110344971,-2.0839568206260606,-2.3551892316979943,-2.26460127735742
0.08776760425443661,0.038076234699823026,0.06982369774098869,0.2599042704406224,0.23867042984979822
0.08304075535422954,-0.45856821741998677,-0.09954793270593759,-0.14685653445984176,0.4590710362333669
-1.356255529622898,-0.9924571176250063,-1.2834853287897767,-1.3926419920375939,-1.968728497756804
0.08128667367666675,0.12373351091583165,-0.13831289820404166,0.48974458250010433,-0.04477037075844318
-0.9338828373842133,0.002234623435627928,-0.15980747546434615,-0.3302497545011842,0.20927336255681261
0.3964309628482923,0.3019197126442351,0.2230499196189829,0.8621826571397788,0.7541252181875674
0.04274822798971738,0.8888597850965556,0.32292996036607396,-0.33410388500019145,-0.32696372782272276
2.6106695363238415,2.2287646309851574,2.467161696044332,2.339454417128841,1.801654374605806
0.5461522165868832,1.4307866022569378,1.6632109087863503,0.4948394660144986,1.190943087302037
0.6832284893844998,0.2960721182613448,0.7119512500288561,0.36609346110678775,0.7493961761611339
0.7848895239990836,0.6806395821028289,0.6602546580300993,0.21525760561449814,-0.4028025328630553
-1.4883581374738877,-0.503065184864642,-1.214164857960637,-1.4682195798071962,-0.9722843630278709
-0.36094832458722814,-0.6158941948387994,-0.7792562236536273,-0.7967364899655226,-1.7294134222693551
0.2974365960831981,-0.19891428729462132,-0.35325516903714876,0.08461541727609465,-1.1229340523993545
0.26653795522691826,0.2721616531956232,0.11897345513420775,0.07844028647830406,-0.08284597206467216
-1.1328501087845693,-0.7251828687807135,-0.6933469383525178,-1.188506913182044,0.5757565252033896
0.42983456495967015,0.5728975651695382,0.35189368666533233,0.5393991026110595,-0.42740790156836855
0.47791368750450136,0.3287239841439671,0.5564527137571534,0.42551941905443635,0.6205839035926816
0.3093949280252766,0.11299020351349806,-0.07221228970453399,0.27291827242223543,-0.7209238985243752
1.4415916226365095,1.4062325738927757,1.3982840749272736,1.1538782299210997,1.3508092559494556
-1.5768464712462447,-1.5814326715869014,-1.7079991029639214,-1.7112660464791882,-2.2062125828450574
-0.0731311950001146,-0.34688003225706426,-0.013130032166287603,-0.04167800683076669,-0.28306607211505563
-0.26680419576544306,-0.05824434754830738,-0.38240201312961536,-0.9543149106340159,-1.9335887699510983
0.29569440508036887,-0.49207586653391044,-0.20060134931358614,0.01992811039103309,0.010919173816560606
0.20968376618801537,0.5880549156567624,0.2251660833372036,0.8051685460817575,0.12237927260161843
-0.3155316165853379,-0.12374512436126606,-0.03210057506530096,-0.23722377429527364,-0.05726086497170953
-2.304318437250832,-2.4161192838261583,-2.81286011017894,-2.3439409496429753,-2.9663895395718596
0.6646424272976383,1.022126172674043,1.3092760830732073,0.9094146796950204,1.164158768052044
0.0031834094036105945,0.7929680590059918,0.26267202695945513,-0.0806529378093974,-0.1438515477384557
-0.25032416775662863,0.195228581919587,0.03213160701957794,-0.8031271918976118,-0.9792528694427226
-0.6722864109023453,-0.2921268286419775,-0.6017007964114737,-0.8000747868606041,-1.4353453335244557
-0.3711413436089352,-0.8846691274202314,-0.7639749703222634,-0.3028253230943041,-1.0709402168116362
0.3199516543607992,-0.006906387929636819,-0.4839597676653047,0.111160448277485,-1.3691491783047487
2.0762700608637075,1.5273117517781023,1.782688901387529,2.165898522834167,2.090199918186753
0.24585065251026317,1.2512214490040858,0.9302324746621968,0.29314464167365273,0.5222943845388336
0.6248256415457419,0.860768924317469,0.4965009812230298,0.5895387899655032,-0.05079533254784258
1.8440192237785518,1.379315522230653,1.2664348532392113,1.7658832991876348,0.42812257739961856
0.7490755477703759,1.0411031721073791,1.1746680571325443,0.6284147972231819,-0.09733247600889089
0.5970517202479646,0.03988006850151509,0.33550464705017063,0.5417906065902086,0.7451196591045078
0.31731730636105965,-0.2594092990988748,-0.3940970594833339,0.09912954815409153,0.14587737734048067
-0.32852326795321235,-0.5709523653030221,-0.09912497705638502,-0.6263239217532505,0.9060021939523508
-0.21858588612923482,-0.11766609026725885,0.29025687869258526,0.1917261671296114,0.4566423634589422
0.8273729521042144,0.5243341138718997,0.6038285997981865,0.6431223492464928,-0.7029456308838071
-0.1909137949491276,-0.6987701193329976,-0.6222076469610517,-0.252469599887275,-0.24314286309601013
-1.5060543107136857,-0.876483848250428,-1.183495703716019,-1.8135317200316707,-0.8112777286342743
-0.992079165010109,-1.6047574831207954,-1.5293629443100758,-1.3612957674384596,-1.6761771294748524
0.07209744054428782,0.5963952943672207,0.581923148342766,0.1509559692638885,0.2022109308964318
0.15242359327217037,0.3628765501638565,0.19255308327931675,0.15276052114748162,0.07612112254891475
-0.9536001666283903,0.28909188632929006,0.18974264028744653,-1.2450295935522397,0.06395771811454892
0.2041852293732598,-0.8123903855261425,-0.5116635607463283,0.14671940447078738,-0.43833863365489756
0.6484910930614245,0.46279704110862124,0.6871432498121886,0.7083586243106222,0.9014203066673426
1.2168625294352495,2.252624386944786,1.623746210340325,1.4000310623666596,0.841544760523016
0.8711184019409933,0.5163627722693948,0.810478600807632,0.8939721584922907,0.07580434161787793
0.37540731316412224,1.413876796091592,1.592494032158924,0.5549988900123546,1.1008391985415786
-2.2110137720980165,-2.613940585602128,-2.3446197642787396,-2.7589728251599994,-1.917110381094562
-0.30303312066980914,-0.5228214422705025,-0.3634216233658984,-0.5367547779323862,0.24490580904144119
0.28816906617968063,0.30431075810526875,0.465280738347626,0.2803175691434086,0.3317297285807557
-1.3052499489496971,-0.738919307548197,-1.1164791656370376,-1.0099194385169175,-0.6086545833905496
-0.7471320494455853,-1.2813948797542345,-1.0291344426384388,-0.7588919227866269,-0.21948236492256418
-1.7025486583776646,-2.608843391519707,-2.457481859342539,-1.974477227382133,-2.489709750473539
-0.9530738006961909,-0.6337117007592236,-0.5987596044135343,-0.9180839596449827,-0.4717139390246273
1.5615577390272768,0.9663514082595827,0.9225477911040688,1.5851320031159317,-0.435063527982987
-1.1709754738124305,-0.5309292840851737,-0.7667307516444214,-1.344452531365174,-1.248938834434403
-0.06782648811685774,0.561145122833392,0.027546562295175873,-0.04244826920858902,-0.40308282872816303
-0.39582826505043434,0.2075883920244945,0.15034834600153468,0.19216476181179812,-0.5085598597164352
-0.8778752991116554,-0.8134270295921592,-0.6812646442145281,-0.6278068717567423,-0.358485706720328
-0.5662752186398952,-0.4581308921634254,-0.9492480375714366,-0.8206387281795685,-2.372993950571833
-0.5820297187007767,-0.6211598025434678,-0.4633162619948364,-0.6952008373671985,-1.5015308869373902
0.27549409091358634,-0.03667356466981254,-0.38596131696209474,0.3213136531250972,-0.9037045400678139
-1.9276548316311837,-2.1384817373878646,-1.7808417347060084,-1.6333065547938466,-1.032270293827645
-0.34964223793649485,-0.17940048621458252,-0.4296234287537954,0.36710170558778055,-0.005014216317406655
-0.10312658330030454,-0.3118986506800977,-0.09145320008695762,0.29739690699346266,0.39437504329844847
-0.05859524494110356,0.3368169740009868,0.3136581199369962,0.11869202611731491,0.45296705141893945
-0.5461523973997154,-0.9185424053878641,-0.671969282404297,-0.5048538717496933,0.4634992286655105
-0.9916851674768792,-0.8942729623000248,-1.0037543018068635,-1.1526847225663042,-0.07312291467590339
1.4223208782345504,1.2873630758029784,0.9688050163928185,1.3622103124532936,0.26677883000309577
0.6254379379483511,0.45730095934968434,0.5472577483453893,0.6939401564712272,0.7772124111272531
-0.5008898053382738,-0.8231723898216774,-0.7913538930760694,-0.02040039317602131,0.5012098262262317
-1.0443860296501268,-1.181351034304179,-0.8808676316048367,-0.6428194513518005,1.2682126606193607
-1.3897071047943006,-0.024081522985285358,0.05545262365024848,-1.0317005507557426,0.5401901541490352
1.722489618904762,1.3585805246800475,1.1641383244860048,1.669389343187381,0.4085102682755039
2.7190411829182346,2.2521038787832963,2.734064908508424,2.7028227120569928,2.8507055995426804
-0.15654701598163168,-0.2721562717345948,-0.25587551364005345,0.365063017062957,-0.2459063925752196
-1.1768869579225834,-0.5775913331509193,-1.3745986142281534,-0.9664929288130386,-2.02281314704422
-0.7967390270467456,-1.5994616341016241,-1.059056978729374,-0.5125004018406301,-0.21576569972205273
-0.6878971598279585,-1.634175279599582,-0.901413883792428,-0.6841381859650012,-1.033415389234742
-0.718415741189755,-0.15372411871973418,-0.1940054866415111,-0.7965801781693771,0.1336706336631574
0.4447504332480294,-0.35322972322657226,-0.1804048068749128,0.13517016380646332,-0.4332931935796422
-0.8689277642661211,-0.9589932611675203,-0.8831135282040341,-0.4185033259391167,-1.5865495896147133
-1.3231999645501795,-1.4450619124301378,-1.4364368601078183,-1.7264604149893343,-0.4208511897803225
1.357284354741784,0.3236765259189325,0.7706244200957967,1.520379410482928,0.9103746296819152
0.9792400162132094,0.3407449818585503,0.21501286970551708,1.0307584879830052,0.028273918335110598
1.4547900509624976,1.4637549677479602,1.572732088932397,1.1615387494712504,-0.007717240231078209
0.4447486552499556,0.4964638544872657,0.3800572446830249,0.5812755585680952,1.0681302753776718
-2.04105539970423,-1.5530636451513125,-1.5570046251942053,-2.1043821831511327,-0.6244171380985614
-0.009798070118379425,-0.05995959891429838,-0.18978852957739764,-0.15036782539502605,-0.6723197466918638
-1.2286357968899766,-1.479800477934106,-1.5854323763376248,-0.9676273085268856,-1.028878866667244
0.9144087486678207,0.9156126380933122,0.7784108308477599,0.8526554392249308,0.935419959608928
0.45310795546344906,-0.221513619744946,-0.15325331285731955,0.2089258469774314,-0.15562870755360095
-0.9412922918743817,-0.5727062280240954,-0.6528290195386894,-0.7976749037191803,-0.0014453539458883426
0.2975022513813399,0.6107885488210882,0.4027740387490844,0.4059105834885464,0.19535444091546375
0.12884272934815577,0.7401245021292583,0.5024870860689704,-0.18217568459742148,-0.25267821277715463
-0.8105136334033362,-1.3351176397448365,-1.1859230500181535,-0.7414670624132649,-1.6520656945158463
0.5150967302179023,1.1060013966680555,1.005491559298486,-0.0014263830078676634,1.367658912568029
1.1175896954632991,1.4667408857792994,1.6449344547690476,1.0437397520715144,1.2153562423725264
0.4091948883433113,0.7153754451198865,0.6519057648275968,0.7784413193543358,0.8991823907038593
1.152270324416028,0.9225307831582651,1.2075922080712571,1.1638770276890555,0.9411714243052584
1.2555133806604082,1.0703702976888296,1.2400106126536157,1.0001942922005,0.03631313179087789
3.174018807169303,2.5663131894066136,3.110832489421168,3.1100141697447556,2.927812361998404
-0.8584826219248709,-1.0641876230151532,-0.7454919814988102,-0.4501517006304516,-0.05317970738426749
0.5008009264934699,0.1584924687992536,0.5288774048104734,0.3323585453287257,0.16500066513751907
0.14686339071687096,0.018074510340930813,-0.06352927947877379,0.10446895416656227,0.25615452972548347
0.22898870707501065,-0.2202082130501321,0.2037156492298691,-0.46186518827940076,-0.789531737079172
-0.3628756027140463,-0.43542248953652046,-0.39692525441435766,-0.8259962994817837,-1.07527955810491
0.5376430257018552,0.3870251235863836,0.3377830733010038,0.45987186262397833,0.21302045714883505
-0.3814374044237154,-0.2893709330887579,0.1842499361284893,-0.2571545692860559,0.5911417995464666
1.4867622198204014,1.4459986598648427,0.9589535962090306,1.719776292644685,0.1154395553957416
1.9016897238126476,1.7452695432650742,1.9170463244688891,1.3473770060226025,1.512562467048617
-1.8996713023376766,-0.8536741673794387,-1.167842461283481,-2.003118080348158,-1.5426600652028586
2.388318164158962,1.865390276557645,2.178352848837835,2.3136193815324204,1.663983687123435
-1.431790785859963,-1.6776690723033205,-1.2048106735503916,-1.826529647304152,-1.2200670503413702
0.7631936769686286,0.8289946414821212,1.0244146495239697,0.7738213498162492,0.6822413643531628
-1.358810624258407,-0.8212013351955377,-0.9827181365994505,-0.8530909726502951,-0.7104179194511717
-0.6340488039596232,-0.5355797690246484,-0.40747625917964986,-0.13187808542979948,0.4402523875043347
2.4484052177567017,3.069237721730425,2.759938114525867,2.291186967000175,2.102764855301835
-1.8183807161125036,-0.8294378726586675,-0.9911619384084549,-1.6011387800529946,-0.5476849086227391
0.04999615180030675,-0.8961771249137914,0.13053506317758476,0.46222308260346945,0.09361857568337854
-0.0871740951674828,0.27593467951388434,0.2874665809436187,-0.06442854791403663,0.17924390203595428
-0.801184675474374,-0.3606554108161372,-0.31454047900128224,-0.30509649311207787,1.1610040915084392
-0.7397568119155619,-0.7164231810141889,-0.4763160970774181,-0.8929489268485004,0.8821336412197371
-0.2815012169701641,-0.14832449946627363,-0.18817630482257117,-0.022899627162767146,-0.5550469581753065
1.5914766385734984,1.3945741741193955,1.495248497652531,1.3634364217171453,0.5973230395362884
0.27187407284650783,-0.4566913377527292,-0.7274749399819491,0.20375412442621843,-1.4313055446832785
-1.1101610499709598,-1.2174911192471365,-1.2068321504848347,-1.2337590706603585,-0.7624883800207104
0.9915652166515435,0.6944884432514642,1.0362091697067108,0.47922898231523875,0.3655087701854854
-0.0891898139750157,-1.3621845099155938,-0.9494583712032033,0.1782733856950754,-0.7766394579462808
1.4188421025845857,0.2711400747617745,0.8932259422784368,1.2879654529702573,1.1474214141313055
-0.6893833272703576,-0.8377388676473853,-0.7241443796809064,-0.7659548490854915,-0.626591706430951
-1.32336878029361,-1.7149081880891486,-1.2539741064510777,-1.6911244838161932,-0.6580124497480361
1.0844253664565349,0.3988101585040139,1.1613856161106473,1.260134544724149,1.8389155531850498
1.8861100576786929,1.0330666741823507,0.960207671911544,1.502368892268344,0.08863615551143902
-1.1718238563196426,-1.1972300304025045,-1.5168326657270874,-1.1592430878383941,-0.9241088584684508
-1.451707547229551,-0.7884734417511001,-1.2933944335841112,-1.1424107627899642,-0.5286024835258737
-0.1685841444996948,-0.3957525567531077,-0.6073981610691488,-0.22126279344603297,-0.559527631211703
1.0816818357637472,0.7092029597998449,0.16264378693097337,0.7346077898969777,-0.6453714376820127
0.2823961501526369,0.25209322265761286,0.00696617866135266,0.27277654096127363,-0.9166478117589832
1.7762640142790878,1.3077310140121439,1.5317552811827146,1.4051951959147404,1.6866255099497254
-0.46219660882011554,-1.0554631403258048,-0.8404232263240153,-0.3063109889787397,-0.20197376428319927
0.3118262504708279,0.5063375990882448,0.38921390332942163,0.23573632168139907,0.1485418833900931
0.052334583026264835,-0.2619645652311514,-0.3474928602693315,-0.44327282869264883,-0.27896141387827
1.8026296426512447,1.4821394105011136,1.6045607872516863,1.9172400195273975,1.1970325642151851
-0.5084451090051152,0.34692259239107476,-0.11777206964383258,-0.374271240949835,0.3738232407842014
0.5903595251503702,1.18236352468026,1.540444738438513,0.5939857316631469,1.7444355686426758
0.8888453590319593,0.713752095304075,1.0238191598432405,1.0005573949802729,1.3242794906640591
-0.9763066039455602,-0.7164055411523448,-0.8116671384176789,-0.6727521587552453,-0.8307614327635787
0.639048236165711,1.8395792375586941,1.3339754780106565,0.8112423363569347,-0.08947877005061423
1.112056315990148,-0.2716225446542911,0.5502290607232535,0.9307814832950776,0.6097855311063198
1.7488898535468955,1.0822091861515986,1.261799192090789,1.4216187712402022,0.787420390267141
-1.0016556595910897,-0.9639483048514284,-1.503283051532803,-1.052500444779063,-2.453391669545914
0.31474052520185225,0.5887709075101016,0.3007775307927974,0.4648933112470353,-0.6470465174878531
-0.34093746712640133,-0.1577906381790698,-0.37628140099402435,-0.3543587233302133,-0.12078549512461347
-0.5238187624193067,-1.170280696362233,-1.1409370500553828,-0.35460644174999895,-0.6934149395204373
0.017801092919555103,-0.503723358906538,-0.20294477324605148,0.04307053696002568,0.6470359835704845
2.3615327991837174,2.511036223952727,2.528036175231214,2.0072487092486893,0.8644847848663864
-0.18337095562421257,0.21586241399850303,0.0282783805753386,-0.5520737746543305,-1.1567375922229508
-0.029214728549382576,0.34787599235995176,0.3549440660106267,0.22835857221664463,-0.27149357938547364
1.5184140715065761,0.7200783317715977,1.0604132567335542,1.265840652145759,1.2496249347884218
0.1770807063635531,-0.8018471736962253,-0.6899431482353375,0.145429081308086,-0.7384174482900965
2.5609267939910034,1.7027026219120849,2.2331495957964083,2.8034979814919248,2.948248483033563
-0.3205003589025866,-0.05078885186964659,-0.30003039971115275,-0.2950000333347287,0.8995349144133222
0.800755564194245,-0.40443302176547574,0.0662071761836428,0.5621841497649775,-0.214351555813747
-1.4926385311447445,-0.6100215167306201,-0.6509913637771373,-1.5546054841037293,-0.49101625475532445
2.957191357123396,2.8589420672474626,2.6636404954735284,2.8362722919650394,2.046587522848819
0.5678803232462912,-0.1311746256381359,0.31794224677214095,0.24723889047010206,0.49221026465289286
0.32070001768490397,0.9311826225765302,0.8404239430518166,0.5100502911190516,0.050283937367325726
0.4240444430362653,-0.587866171387233,-0.3147202066485458,0.37323662209810937,0.3632191351688109
0.30691825778903437,0.597305983210365,0.2498150511937293,0.047489747732516546,0.12589182807506513
1.054439797943887,1.3025435326128745,1.468182415412262,1.643239005722876,2.0655290576495458
-0.5029264270673939,-1.2490158241107803,-0.7649040903038166,-0.3756082876998124,0.019503488786271533
-0.15667572549442993,0.044941089643930225,-0.16561086154901156,-0.23528007421781505,-0.08312513677474467
-0.2774356532116369,-0.08510621364501246,-0.2135043987074989,-0.2815177500448369,0.11528859754343106
-0.792891598846214,-0.9024262568892482,-0.7955419975103363,-0.7926922648478762,-0.8468658963466162
-0.26876849618310045,0.47259323695557803,0.225187882759927,0.14371953880179425,0.5581916468018849
0.7713240277126499,0.5945930401269772,0.7998992901139285,0.9411836420213164,0.8048747111784509
-0.3602270829186565,-1.1168303905896175,-0.6681585131580038,-0.4349231124083961,0.6387220618308815
-0.1906378576306361,-0.368481062505263,-0.12021475873497758,-0.13906974556321675,-0.045336440407501434
0.08565124473650161,0.831019300833566,0.6698507544918394,0.1316246448484134,1.2089359650651776
-1.2859842025957022,-1.154290342256966,-0.8740303615541596,-0.8065822475730745,-0.6823559627813882
-1.2949589737080869,-0.5687216301902981,-0.7622559297341991,-1.0208837807094893,-0.06828386540524602
0.670612961040695,0.16971217337169123,0.3674648157239239,0.5793270119543399,0.6505529637046152
-0.4615015375999049,-0.6963493154393149,-0.747747435777299,-0.19763505472958418,-0.24556433967161714
-0.5242168754794977,-0.9054310806701954,-0.6150452177822432,-0.5672876691921175,-0.2961298081739994
0.28363017692466447,0.47440709318419083,0.39986143586068645,0.4020519003902335,0.3382218557380205
1.0816343712223284,0.9244996772113582,0.9969373237097786,0.8788554815194584,0.2230618060903097
0.4422320994252738,-0.2881170036675395,0.39352445304266354,1.2755814021789262,1.7353690436787168
-2.158388903196873,-1.4063269211333063,-1.383926091057619,-2.1599299089960424,-1.4928436954813584
1.9462164272971456,1.5567631959862505,1.707501498660104,1.914986542437152,1.888473120464305
-0.04405567880317261,-0.03450858920719648,0.002834901899268672,0.1868209342789299,0.2618553150191922
0.36255295279188404,-0.26443628465868824,0.0006251779120316222,0.5749374239437972,0.23987918270199118
0.15206304374126964,0.5419258928513883,0.2473461159945476,0.0013167896382555663,-1.2668327797719214
-2.491477678601359,-2.2942990028589882,-2.6566249002246947,-2.7427724997563585,-2.1442594187870836
-0.47921559890132326,-0.17376164901902028,-0.40895602765368344,0.1322892169435078,0.02700886777836123
0.5395025305438372,-0.6091101179913916,-0.17541340813635833,0.5732850929156016,0.5806309734270376
-0.25787652441498105,0.07859619486844457,-0.08291866113017117,-0.2839015573920953,-0.8277220101964333
0.883614342719532,0.1660887932698477,0.36663438310540863,0.8361416556056206,-0.10622446088550559
0.21107019368340021,0.7002383388662319,0.6081550045914685,0.07547302948915734,1.1882274712484835
-0.7445624302829593,0.0735016634759319,-0.13823941210632423,-0.18321236866455717,0.4179742284218001
0.6131506851961096,0.7869710051658071,0.7014277371441845,1.2609776368312364,0.8961930143265016
1.2046154700911875,0.3635650823681007,0.6748172868364164,0.6236408003196133,0.04698975439243582
-0.531953028544243,-0.981870199412911,-0.5239146486254042,-0.8430102511649847,0.6819572067619176
-1.5699127511766895,-0.7560249146884087,-1.2268701936226574,-1.0148372056084984,-0.3345851287760477
-0.1411620423394661,0.14951872675018507,-0.07761887657166856,-0.10977755458927974,0.48711581408704807
-1.0420699265100486,-1.5866562995344513,-0.7913011532049992,-1.2216068019816442,-0.8901199244592778
1.9073793398744305,1.7926037651538604,1.734669993799234,1.501050664756936,1.5212921408535252
-0.9077685611099268,-1.2626053308883007,-1.445258327877935,-0.9756248597393679,-1.7636437005490826
0.30016552953389714,0.2047176036030104,0.5769943449651153,0.09330126605684805,0.5829849763161291
0.016244017616605887,0.25903924689192154,0.44694248994743346,0.23849534583510856,0.08101953089894576
-1.0901097998747702,-0.7088534008269539,-1.1747556731992415,-0.9575554422554471,-0.6519251298808078
0.783797340597724,0.4191112470669285,0.5380642451720512,0.6673340332861378,-0.36714648895671514
0.3489046742071698,0.42926198922051056,0.40842309545386285,-0.08988439062197279,-0.11208086984176882
2.863470941731942,2.1490249056685764,1.9135390191330455,2.6162648928096774,-0.2630370339350971
-0.020645103722045272,-0.3773577555379707,-0.4851841369563453,0.14001387439886315,-0.2981485787684813
-0.7307387081046501,-0.3050303706417775,-0.5085180124620847,-0.6654148452349867,-0.15308014107018186
0.3904029074568198,0.7524524744209895,0.6334227177649078,0.5073730814071696,0.5009081785598397
-0.08963318730778896,-1.0810778250290116,-0.6274800336111682,0.11284810056682451,0.26297115330635157
-0.501483991654799,-0.4659129325626889,-0.5139297977346247,-0.6807033961782956,0.9997883401837186
0.2345826531603806,0.9496616284937515,0.46387310788449804,0.09957143862587223,0.14308882238773363
-0.3871913675017501,-0.33266771463345995,-0.19712601218065687,-0.311063603669444,0.1270810703706446
0.519114968400616,0.5427912966051625,0.5001123947436129,0.9757024800507431,1.0250868623526161
-0.4900183775743449,-0.2873539623088285,-0.9139084806690595,-0.6924867795283648,-1.2904090679093276
0.7214225094031329,0.23053565427962744,0.13658431151172637,-0.06778274488495797,0.4774351154264094
-1.963623473151357,-1.4520768679455545,-1.7001191878856257,-1.7585478120776192,-0.23930733770535265
1.0379655223589568,1.233438345612733,1.441721427083246,1.1481528486994852,1.6660787093097105
1.1764124016308102,1.1507910714845917,1.2721808818274405,0.467719189053599,1.242502103857213
0.9792303146009093,1.5053696897958313,1.5773999915090908,1.5603153553474318,2.481508566607128
0.4349431751992235,0.5099947977151441,0.6239285367196609,0.38077355270710356,-0.2498297956418397
0.13770015162029228,1.0781762099576937,0.8420211572631459,0.3565189182030098,0.025151872147823526
-0.6793280452180618,-1.1848901791183548,-0.5537327764436887,-0.4035224792192911,1.4352789706402276
0.09248339051392784,-0.06955529483793597,-0.21764004517661836,-0.21851994299320943,-0.7136618291793247
2.9643698116836683,2.4196202466488734,2.8565598665795164,2.591218588369959,1.653089348032387
-0.6337060009559449,0.47045204618591363,-0.07033119851237403,-0.4679639932989929,-0.8496259408856308
0.25704329399925346,0.728839198044146,0.8363210137740642,0.5399071679860814,1.1589891341880612
-0.3289756477071321,-0.22150691476517587,-0.5543637868133116,-0.431583235620536,-0.8912949544392451
-1.4344229130186859,-1.2042044095026516,-0.753427957061556,-0.9065115860644192,0.8638757561004305
0.6013900448982105,0.865405321044253,0.8458176018705312,0.7196682370527137,0.39058612861550557
0.6271385065006789,0.7780386281814444,0.7113646166015442,0.21962189066091614,-0.02674901059949239
0.7828506929505898,1.3267144857691404,1.0281928387361141,1.1120179838839779,0.5765190083003745
-0.6908026641661665,-0.31834206767776263,-0.6890846220472991,-0.7256805121061138,-1.2169224660678877
-1.5459433220050933,-2.011096210212535,-1.9772417886489648,-1.7201550154849687,-2.2791219705952144
-0.46713053113170316,-0.2562277856401863,-0.6487753798413923,-0.1625311230827522,0.44122548761542013
0.2919152740572272,0.4054414185810513,0.500683793012914,0.2514863030275705,0.15584312465341343
-0.6987849661754175,-0.5967688426784102,-0.96193897594303,-0.8663629859468888,-0.9543666969713741
-0.5960018175353899,0.06359318357646956,-0.3183619957843047,-0.6981392290709155,-0.39529124459165205
0.3480727733090409,-0.019722290879726715,0.5851495557138997,0.26894987124342784,-0.20494782265471287
-1.0206492720623062,-0.7421232657066339,-0.760031781424542,-1.4828748570968693,-1.1407781014098488
0.41997053322307915,0.41671047065243866,-0.22432981449567652,-0.08436456105667811,-1.9972641101748214
-0.6802898078598089,-1.0215874726631022,-1.0090403267770751,-0.9112876899881684,-1.415228518464937
1.3256048683450343,1.2084703007204345,1.3082770536665744,1.2182023316443786,1.6166392980340938
-0.5872716763796063,0.40965998707807394,-0.07760201680274298,-0.20133311556808914,0.531413349366157
-0.21723458658889763,-0.4237406541624529,-0.2628286958939779,-0.27763599539310907,-0.21691157947733658
1.7668489640485643,1.755616205020105,1.819415115397035,1.6326033804319895,1.8655873223237098
-0.9983473497584145,-0.7854205199330112,-0.9137913178530166,-1.5170993349416846,-0.7876021479494825
-0.30138573348242054,0.24239035143996493,0.18519110452673596,0.37353128298996124,0.8589008606045117
-0.29384183696201094,0.19530227921492438,0.11423304439828011,-0.4735222728762653,0.0799841735082368
1.1306519680094247,0.9506317625159743,1.0899670047111194,0.8219961381484744,-0.5218696439001445
-1.131461233908681,-1.7806635286339525,-1.5769423434198173,-1.4527688610506222,-1.8331140208174956
1.7676943802370937,1.976695449274066,1.7488016846838093,1.5114066939474278,0.10563722909462248
-1.7035252824773421,-1.8525260157880363,-1.876281777603343,-1.8306049740636032,-1.57046117086369
-0.9279813086162503,-0.5635906237115328,-0.8146199641695265,-0.8936712116913105,-0.6761455435653995
0.780635306297609,0.8065621465716084,0.7001295284859328,1.0759592605150181,0.6196810649723595
-0.49110638845665133,0.029751815493134173,-0.32097299715013883,-0.47067127875343984,-0.7177665911089194
-0.6153451644787001,-0.38979300246952414,-0.46526494888086445,-0.08942920376885205,0.03376977294698299
-0.23053050521291557,-0.2873643150777098,-0.39759909085937295,-0.541721312322704,-1.4181341679267827
-0.9259349653163995,-1.4394393598946817,-1.1825995087754775,-1.0788932573407697,-0.8565003109985818
-0.19782722381369597,0.5701097598004398,0.28057255622472926,-0.3716745084793873,0.11550019533051871
-0.2094691414985343,-0.2821347223923406,-0.2510036082929904,-0.6228117107312656,-0.36760716052212594
-0.6903254451624484,-1.4226439785021765,-1.667304809854759,-0.997063796522639,-1.8336723586255863
1.454915304721619,0.7663470079715032,1.161052302093195,1.1447192107674844,0.6213568685625012
-2.5774352824936417,-2.375401293192464,-2.3702952903267174,-2.1172385346986555,-0.542250039579654
-1.082049702332087,-1.6148840343872666,-1.5356580278261254,-0.7499576559040483,-1.0330472432498155
1.1143120545396812,1.1066795854306026,1.6545487260941731,1.6394673391854684,2.1361232842654996
1.2632539137025847,0.9338182044773133,1.044460811451482,1.157897156132783,0.8153426076490891
0.7025416128975708,1.269671140548415,1.24393167244201,1.6069125911163122,1.1912310165832973
-1.5011521277326885,-2.0042264494645154,-1.9791973658099682,-1.43234798126499,-1.3970989223717662
0.411549830793631,0.11771625960553565,0.20422793270746506,0.13823599109110699,0.3221978337635004
-0.43190794364291524,0.0682989384356499,-0.034385076982688875,0.12126431866555167,0.12426452953719576
-0.6308476162868574,-0.214167439717995,0.06561514414324103,-0.3272047183571125,-0.7985963744816578
-0.10897700416312235,0.2552263637924477,0.6403629909512709,0.35972028984267984,2.264457707519113
-0.8333308191946016,-0.4533797186058096,-0.785481257431191,-0.6259878319763953,-0.8642799712244089
0.16433693424941426,0.842203497796017,0.33785633023306544,0.3291758122756813,0.20823287870756127
-1.638541158561788,-0.6874956230055773,-1.158180438630486,-1.137882195834216,-1.2238318581030294
0.48647941492962865,-0.4575502760351134,-0.06447101594035663,0.9437685195902037,0.9312726373220558
0.6212970824622088,0.5136139253118444,0.5762606878356932,1.1668102688379585,1.1825984263718923
-0.8775103733380318,-1.0460922642925041,-0.4885589823685508,-0.9511030048696327,-0.11518676260245986
-0.11300376381357997,0.035356613679881084,0.01895198342802765,0.9392489245322581,1.1707903490670373
0.9148468976950731,1.0152228601306312,0.8686257253507692,0.7758245499185161,-0.27626522681966675
-0.5287228757613712,-0.2047320917548383,-0.18180936787355995,-0.09032157210754871,0.7511254555667867
0.49034540519205094,0.5535973123572613,0.3733862550388518,0.39075830875892603,1.6147245900105585
1.1359722172014513,0.5141330691028876,1.144580307448011,1.4511408498955198,1.4672635294236667
0.7874202565700746,1.3343997688961518,0.8145152385677137,0.47178711853769484,-0.08731854204129047
0.293827625901716,1.24251227621472,0.5724808660759236,0.1847938100101901,-0.129260126315126
-0.2862127136421977,-0.8351951734466792,-0.6634387782575994,-0.46448552321236525,-0.7118517544934698
-0.09636025137740947,-0.04600469599658636,0.35658528018991065,0.005066147289059514,0.6195081933421795
-0.5451947701263379,-0.8083827725073074,-0.5930835126492046,-0.8431201823156195,-0.9059955675606942
0.9325658128792246,0.8283610471464907,0.3125278899612842,-0.016744209201399476,-0.863053274396561
-0.14001262298699857,-0.8535907130218878,-0.8012438457146961,0.0874591608280988,-0.4013882854077467
-0.7504133290678925,-1.2776526799505337,-1.0759103584420902,-0.7403970217209747,-0.19828506696574982
-1.3572889511867088,-1.1728902297963806,-1.529076915695871,-1.3853679732676032,-1.0440528025222497
1.137254427699851,1.0307544325160272,1.1368130164165269,1.2268016320910213,1.5149549959652218
-0.17228798456611347,-0.2534212775729415,-0.37013232249526073,-0.013647125969191886,-0.37313512841302765
0.8634408274707854,0.295143765949259,0.36523344407778047,0.5548725289953913,-0.5701840493867084
-2.039574832423627,-1.0338642918064334,-1.2148536752984507,-2.336865532180081,-1.1836846916268333
0.7475902925087312,1.0444745587523436,1.0189849385761043,0.4715468627382579,0.6891916144491971
0.04412677611236647,0.458610306222743,0.08558947671652516,0.4386318417045455,-0.07214458195726554
0.22920131355678766,0.028089486451164384,-0.09191920264843756,0.10012708353922736,-0.8375027067024401
0.2668414144851776,-0.22106746823693652,0.34300236011812185,-0.043108902883028044,-0.5337369963893833
1.3072703024098786,0.9110209250453859,0.9610284188153363,0.9852823595332323,0.5037898762824933
0.46356068050604177,-0.36781930633578336,-0.5934610886381567,0.26031797926537187,0.21313285183505576
-0.050260887696978195,-0.1803988280663066,-0.11619273839450667,0.11329155928978396,1.7275690727470474
-0.5511923724172835,-0.6526804036438036,-0.7418065786378008,-0.41165376644990626,-0.6349928566525315
-1.5701273500525363,-1.7851837771475378,-1.6239595172334291,-1.6317838783147647,-0.6532650477439216
-1.1116544098442767,-0.8572540049406272,-1.5731176943741525,-1.076431932218875,-2.2234399763380712
0.6018301557428803,0.45162065654649136,0.5247668020566125,0.6691360306166384,0.5145192875300691
-1.0873033299769226,-0.9048353238734789,-0.7928060560678858,-0.7207661896024103,-0.4426221975911023
-0.2713004765199603,-0.0910617481391411,-0.23717926717634166,0.2921789529683179,0.43803500684597646
-1.0954099540875073,-1.0234515514695433,-0.9111133842585676,-0.8993768554518191,0.34380647750138194
-1.2839708798952842,-2.2040452413198537,-2.103625544618057,-1.930297477234811,-2.0969798792501106
-0.12919676361964452,-0.2858943241227811,-0.3725368482215991,0.007858538136332117,-0.770899819801502
1.3086990111439065,1.2448807670422382,2.0998478894167216,1.0366630218742865,1.447247906837958
-1.326328236971113,-1.3509381196525383,-1.4693640233938756,-0.9556024761975019,-0.8700125777523511
0.14813855952983518,0.7235877346169646,0.6997080529261468,0.12183405449157506,1.1891526515564192
-1.7475236248289938,-1.807618222540916,-2.0350778562177303,-1.716109970064526,-1.5536471689771212
0.3429063243885804,0.5214522346757671,0.8350210416468324,1.2588541686205652,3.131340780151848
0.01115026599211978,-0.21858739523950388,-0.23503542921120046,-0.21149182747910356,-0.7311746646817433
0.7448572253950633,0.041199192140045394,0.6755210772864936,0.8186567487859593,0.18401766876031148
-1.941797146282611,-1.3569173808002064,-1.4373715144106773,-1.8891516317631916,-1.2987099506350526
0.09154563615834922,0.026608397674862946,-0.1867860636123526,0.28843650861327147,0.007609007785609291
-0.1221816249672873,0.2989533388967515,0.1645380435741593,-0.4484620170209787,0.1143871110294536
-0.374422703856284,0.022871303292327956,-0.41228487721519685,-0.7406514590184073,-0.035103856011027244
1.717377206964714,1.6223117710705273,1.7895667688530017,1.4756122241555107,0.027167742672021645
-0.7197634657201722,-0.5682371513635381,-0.29212478106032796,-0.9405630778266699,-0.10527904294180075
-0.21603179636089637,-0.051191347461622946,0.045278881006543106,-0.11147829429485873,0.9659866649323952
-0.7901497693567371,-0.20075686244724075,-0.3266572887714763,-0.2992650374538237,-0.5235719581140523
-0.8965050708168643,-1.1635823372380647,-1.2646170859240924,-1.3012293218916209,-1.0513136650449915
0.37960016137341124,-0.6191146299185949,-0.23759437236299694,0.6198071265615838,0.21037190283703217
0.021734926240284145,-0.9196031362796601,-0.49233849408555447,-0.495662089807685,-0.17686424722829272
-1.777680044297965,-1.311729544303195,-1.1666773260827665,-2.1004303033651586,-1.7999910663660204
-1.391316908394436,-1.6851548589432321,-1.52890806944644,-1.207214098032315,-1.6991420926654186
-0.42197341320502396,-0.37433615155672556,-0.032147860912445925,-0.35481200364090765,0.19924755427271906
-1.3705232706578854,-1.08925983035581,-1.4803855428903023,-1.3468264947095623,-1.2681910931035363
1.470965073518636,0.5115540188797754,0.9010323186753519,1.5402853184272358,0.36827984127331265
0.14518520597901324,0.1721040371338795,-0.034888142634201154,-0.11263528502918288,-0.24503715935006654
-0.6746079607644815,-0.5452694236736311,-0.6186228916607772,-0.6397979890742115,-0.347275822597509
-1.1365773399353838,-0.9683177982133272,-0.8976820709094027,-0.7995373179672887,-0.16388390693112848
0.8865159665358712,1.1335901970275075,0.7410364055589806,0.6223415123945726,0.09694095129174943
0.40971519011295654,1.3218894386690818,0.5400347821388198,-0.24966204118198115,-0.25227895625958463
0.5169369848404343,0.34793249243161595,0.25154754682642594,0.07196192048080365,-0.10681183502902208
-0.5047573879857185,-0.717509356812993,-0.219140527428425,0.11503794614571927,-0.14597400645083716
-0.990681986096199,0.04921133171208114,-0.9571263665560712,-0.8546903449961956,-1.1052800037036032
3.2418349485364812,2.149634994231347,1.853813021843415,2.875233218869321,-0.2358474215896291
0.34898202043757814,-0.34654861827024175,0.30405010964433704,0.5667151978015982,0.9254928536852393
-1.1894808042363978,-0.8540920102377617,-1.020029417605985,-1.277939153881345,-1.1886453855290489
1.4745544582287209,1.6097796596852754,1.6501020663708368,1.4208350755396824,0.9807591978072039
1.5719260404958593,1.4790254959795437,2.1598415713830246,1.3132111884396336,1.28167876478325
1.301631717248122,0.564207699173204,0.5133254943677289,0.5204809446875494,-0.38752027091910646
0.3630413657865089,-0.618811736580368,-0.27582779856081296,0.7156286980216161,0.5619656658175124
-0.6474309492357379,-1.3447306811750868,-0.8758456037172955,-0.28808758612640933,0.12492136719664687
0.24183412975147517,0.26502886631859585,0.6086237307354457,0.4676464928158057,0.2770902241665768
0.8143054253502763,1.0366082426145244,0.9971272007300893,0.6507057201788715,1.5151139672793166
-1.055539810761988,-1.2254463575794678,-0.9091097137698277,-0.6634191700196712,0.1448181199201724
-0.6043274927206563,-0.053613957003265274,0.08846784554582986,-0.8091773090902102,0.38777543575211654
-2.221799346077002,-1.9504078121690605,-1.8671936484209226,-2.1544637612885142,-1.002607765986439
-0.7744926728416991,-0.023630825662042797,-0.25134733365718315,-0.7458802336432782,0.2375167163523934
-0.2805833334150029,0.4706028434787999,-0.006850562818629421,-0.1719108663625626,-0.5190611581690584
0.7122203304798499,-0.07854486891662076,0.3300529773746249,0.6644793023042479,0.5148125245682256
1.2326681045644128,0.8874912478710082,1.1895807961609703,1.292814052461541,1.2571606992199573
-2.3028704391383075,-1.87113641054807,-2.1441948552342005,-2.464645283099486,-2.22609369780002
1.504020043709621,1.1780646617727928,1.1388616728142387,1.5277972488136788,0.961974459004497
-0.7359200041996771,-1.4697774345973702,-1.4070914514021864,-0.7213139039760916,-1.9522618927554223
0.2702315907213401,0.5004302736169651,0.6010390226427412,0.2863944795161994,0.1525480268409786
0.8069113388359361,1.2241949409946904,1.0921852094359845,1.0541049115567809,1.1755770587202818
-0.9981692234878493,-0.7833593163098211,-0.7711767034257634,-0.9555689423500446,-0.5173075835265998
0.8600320776300013,1.1443608646975645,1.3449662543418468,0.9480757917658881,1.15844617280047
0.25467654471932044,-0.09960966826222586,0.27069368215375095,0.30517916984415444,1.8764441782707797
-1.449757034206661,-1.1240591556020718,-1.08457983660669,-1.142558890929158,0.024188069898061854
0.6329580507653282,0.2745259652314278,0.4913213132792388,0.32575213995211055,0.29046537245509957
0.05444254719636336,0.288322485849076,0.4019486722415178,0.07148944069060173,0.28265144468600445
0.25361664346572915,-0.12564787873664857,-0.09642649304658471,-0.020050394121152695,-0.725065284739454
-0.27226489439073215,0.3384141037831197,0.3901038949704219,-0.2620226364523169,-0.6105837646645209
1.4371648607272174,1.8685675770050973,1.667787497434496,1.640882654623905,1.1320699103610323
-0.897978112039128,0.1115773460758103,-0.2491690827526299,-1.1493239294032487,-0.9584081286197589
0.6660643527926857,0.09920027264473023,0.5548139742933201,0.550832374904682,0.8802185333921603
-0.2159868338467169,-0.5367807389366871,-0.8237037852361125,-0.25617048187151586,-1.8593846139820287
-3.1853878496187202,-2.9101593435394406,-2.856233453228675,-3.5279268440090545,-3.4439751222366297
-0.7326065453347166,-0.798157687861922,-0.6346672404689322,-0.4985629119339762,-0.7777665247872196
0.11327446045049074,0.5721820978229186,0.5812924192960374,-0.4741365074636106,0.2544355957021589
-0.6443783669177141,-0.3465437214638702,-0.12826959698706394,-0.5666058586242763,-0.155740472663583
0.2978396150810358,0.46609297839943004,0.3623010809953863,-0.023316033729777152,-0.2531523549985423
0.8977868485294387,0.9917018026140175,1.2452895301040527,0.8310997394421301,0.70633657969901
1.6907304633161193,2.0436731817631135,2.1437448389361133,1.4919376817392205,1.9977622644998987
-1.323228002986317,-2.0836813908900673,-1.5246505518001174,-0.6201035330800958,-0.5641246451716629
0.7876306337262919,1.1851498175988122,0.5957127208153928,0.8360830563258803,-0.0440096639832764
-1.6264460601789055,-1.414653295242864,-1.1047570484042057,-1.5137073829765781,0.17048879010623463
-0.20649976838182846,0.36664673128006603,0.12636235900098405,0.31017875699901676,-0.009948097170662038
-0.5395233290286082,-0.010572580470036135,-0.6338583195371158,-0.8207949443487497,-1.0603114673015517
-0.8225785744525859,-0.0524576755802385,-0.636915884711802,-0.3551704954266967,-0.030537640181613028
-0.3210576882885386,-0.09564106845496176,-0.09757139998344591,-0.19803247801692198,-0.21846800097483005
0.18369734882115935,0.8368634688383787,1.0086398237294116,0.22111098015613098,1.0084193812752007
-1.6719242126973448,-1.4301574807749668,-2.1113971181682114,-1.8597702004438836,-2.2434629560844046
-0.5324424429648115,-0.7919085804740368,-0.7989627820642993,-0.43768933289418016,0.26086434336024505
1.1045721229323815,-0.36452073714508304,0.37700565100866,0.9668596453122555,0.06079670788639864
-1.106064206767064,-1.2527759230541946,-1.024029831355892,-1.3330397069607567,-1.0230179345591446
0.5387779274322533,0.7056785963435788,0.48092613715166305,0.8236774332586035,1.1458839545702026
0.26405721638924823,0.5513289537101533,0.21583655901708937,-0.14003444396255557,-0.8650987681078399
-0.19023876731260755,-0.1850313088529737,-0.23755890959965478,0.16493850190064413,0.6882489727987113
-0.24791980711503003,-0.4253703912575998,-0.12079085184987523,-0.48304748872070397,-0.042113545134254665
0.349002506557986,1.017033555955234,0.38645753885535733,0.31565752993189156,0.010876822139791254
-0.07345263097053872,1.009177496438123,0.21268488430957916,-0.06163457766056512,-0.17662341079267163
-0.1941359839391152,0.28433370124652535,0.1456830071773562,-0.04327500114977535,-0.16342658646944416
0.17854139094163807,0.12340155309261153,-0.08244083120053454,0.2901643901166649,-0.0899623792848162
-0.43851084728318934,-1.396507775460357,-0.9713256849952283,-0.5018373943273934,-0.20432383616924907
0.5070279606589906,0.49023279001412134,0.28292382598058174,0.07537046338819328,-0.1672646049385097
-0.5183497018318867,-1.1229953328983961,-0.5912757166233394,-0.7791059846546188,-0.45405923849118135
-0.905795440520769,-1.2083649017580578,-0.868440671012673,-0.008691561876765007,-0.5778958482256197
0.8760058375828973,0.05500776999721691,-0.042563321963481046,0.9253351275580982,0.033759105183376256
-1.7859163758870342,-2.2625692365430976,-2.5065541493646255,-1.7741362699803391,-2.2175621121257527
-0.5455220252752414,-0.17053393888032053,-0.4871521325889861,-0.15458187381755797,-0.08215630836107354
-1.9268786532290216,-1.8489325632213784,-1.365682367460844,-2.2884442135836722,-1.1767091476072664
0.1944186638893412,0.7386023337024292,0.8175762649463385,0.13143320856905552,0.9410955171240984
0.07869253516549454,-0.7465590465618014,-0.5665749635453295,-0.3747097133044761,-2.115238973898718
-0.42319508103731235,0.08460743085428807,-0.15144758537635114,-0.39637102182867623,-0.28583164831733027
1.144610529917551,0.3415910119712997,0.6893355248906472,1.1555868204141506,0.27164151308583706
0.4870794081093959,0.5327734497774033,0.546432680509549,0.08181671006535338,0.031610875446660795
-1.088422074960884,-1.0727242842923201,-0.8861179984731388,-1.500115150311632,-1.356179204615207
-0.9217078177529031,-1.8971658922578853,-1.5712901663138346,-1.351027138783445,-1.4276721165467008
0.20365960054749094,0.11752627302537709,0.15793879941409716,0.24951415615527017,0.1298023351136348
-0.05088814112295003,0.8580270403567436,0.26831954634136596,0.22990145125393338,-0.17766942274233094
0.9352389410815246,0.5523491343691291,0.9724244380798938,0.636146862773022,0.01241953258843247
-1.3287201529630956,-1.7845233421651034,-1.6149980483904118,-1.1918670789663124,-1.0951582094150143
-0.7697370184514615,-1.0193314634100532,-0.9396650985675048,-1.1080208468981558,-0.8693697720335178
-0.7775938678049106,-0.5260130875371118,-0.5819769956956166,-0.651787871906626,-0.5997155591406991
0.8651789673485512,0.7457221380684692,0.9024202268966982,0.465708006396073,1.136617145095715
0.3204685034820588,-0.28518221617251915,0.02514208948864609,-0.33719340234445194,-1.0562342862419911
1.240212555965347,0.8152164250445519,0.7435205834861115,1.0334459047358127,0.8299646975436937
0.8544620741399707,0.45513027178922516,0.9483078746104241,1.0974278706766973,1.1103112871112766
0.29356151951055487,0.2620479929146056,0.5497821669829785,0.4812707409590399,0.2942186442226311
0.496212483881431,1.2803438837853067,0.4108110617747555,0.4381605788356042,-0.3953494309808318
-0.7895208139156505,-1.0779293435417092,-0.87687783564436,-0.9940317216980734,-1.551208753786055
0.741661040640518,0.3371431076822969,0.8423330933849275,0.5855508836876065,0.541572499707509
-0.5109295182277402,-0.5741934969910999,-0.47444068356553754,-0.5234591922870193,-0.9256587544972776
0.6184498907580003,0.1662747500257476,0.14366501938751233,0.32412490110978487,0.6041283648143749
-0.7283120423801968,-1.596558791837331,-0.9778344138137697,-0.7252738064592367,-0.07988256080945799
-0.767743786260163,-1.133537867708113,-0.7416156784311555,-0.666832226309261,0.12320080421846064
-0.1886035039035631,-0.2749178039255997,0.014419625853507709,0.33826181225012225,0.38553345169024694
-0.9684474216465414,-0.6063809087387859,-1.0992158643194985,-1.0813945216766752,-1.8266353350947295
-0.00470881121361445,-0.18968749283957423,-0.29878116305626506,0.012321757376900909,-0.9779699787784019
0.6102894867789462,0.6279606795190071,0.4896350688768223,0.35634973947316956,0.01957872443766557
-0.4097472180501591,-0.6714159612134829,-0.6520798318323636,-0.8915687347556404,-0.7362615272496015
-0.9105092031117222,-1.2667114423827355,-1.324774842965394,-0.4694348248010293,-0.19471643426448096
-0.7302128276269617,-0.5231657977507846,-0.5223976102085183,-0.5893812236782928,-0.5506468490084961
-0.72500664586623,-0.4462827949038499,-0.6643888101032371,-0.9016074074161726,-0.4855494220142787
1.019543355956628,-0.023125485640639695,-0.044264027525541275,0.7586128895414851,-0.6931039052645176
-1.0310923848966145,-1.1765959328841062,-1.0605678094132829,-0.8849940773049467,0.8679464028181337
-1.3681289579812992,-1.2020597045982495,-1.1221827187275437,-1.1047884768511853,-0.3516075765838649
1.2071945769284684,0.9876190969171428,0.9762837011372245,0.9123167179234402,0.7631325422515574
-0.9212471373872807,-0.8353012682856966,-0.8283666941827366,-1.2381921030695253,-2.006103100565219
0.7045141235929606,0.4661493217917189,0.23836951009437204,0.030961716669656584,-1.5222095103498061
0.5982107557850002,0.7503396726935312,1.081711581125222,0.8277363956912691,1.1096343814957255
1.1609437518848371,-0.347536094655519,0.5463527722148273,0.9183192502403014,1.3318783610392735
-1.8573100322740668,-1.5938904230039668,-1.7263141850205912,-1.5509932154871562,-1.5799952625594413
-1.5942924922460124,-1.3158509727468655,-1.3414984527341598,-1.3774033112481372,-0.5063059459003512
-1.259192339931953,-1.216368336271661,-1.1936042032806913,-0.9918509114761663,-0.33930714470261175
-0.7755630107159285,-0.9110173441400103,-0.7249839472153096,-1.0215847194183718,0.025543855521832498
-1.5815978666219475,-0.9824119849324598,-1.0938922321347018,-1.4877678283122817,-1.228252192472954
-0.7941666960051135,-0.8495194356189231,-0.6179825457724831,-1.2207469157191033,-0.404152467279835
0.08947898712011597,0.14784576393943427,0.04432314087137764,0.22661374464947037,-0.21854738250275837
-0.3975608580915325,-0.5163799204895005,-0.6894134796744124,-0.8193654482385365,-2.0399111260252702
0.4638093519109049,0.08534730559047063,0.09833221042950795,0.0319765324046965,-0.24964272380678557
1.3799255792776175,0.7848946239213204,1.1312851013004952,1.3977623813182767,0.37790127509353266
-1.3418426383401736,-0.596589843425201,-0.9186891157165019,-1.570372200982032,-1.437498244120415
-0.42993341199194535,-1.1500527953820832,-0.9846873378017075,-0.9617977033264358,-0.6829332835735867
-0.39338532724798086,-0.6023148255877556,-0.5067836116154286,-0.0826560910433512,-0.26874827873058915
-1.5633411730243976,-1.6664851400335894,-1.4076733229663296,-1.6554110557206465,-0.0831668162375589
0.8677885636867979,0.26709633174306635,0.6834304722280532,1.1053383569625281,0.840416267738665
0.6472860298746783,0.536488329085486,0.7047068429574653,0.6507171288165866,0.43559686738084163
-1.050806693866998,-0.42945280604958597,-0.9167071088740442,-0.5734198518208111,-0.26440830094696494
-0.7733529983086513,-0.7343429072798411,-0.41484170233491496,-0.6964326028116407,0.00010695883787492468
-1.1328683212190247,-1.296280395561126,-1.30385967568967,-0.8892698795040902,-0.008345944788597919
2.2415794522901624,1.2277051439418727,1.6171131975865207,1.9114877051392107,1.0248865559514262
-0.3957564825775644,0.3121648844605724,0.24223891513433968,-0.42254052841359396,-0.04982048116710342
0.859393941739727,0.0693429076315478,0.1465069553242324,1.2420136986239407,0.725103523767247
-1.489142246978254,-1.3552722925429672,-1.350517591272023,-1.270707638851969,-0.0745594005740987
0.37592000652613944,0.44879139109682503,0.3219160132198097,0.2962409345928709,-0.44387022442711166
-1.0939549940134634,-1.2398182398207336,-1.0142876120668698,-1.2743024019129356,-0.6436354751130304
-1.6355369605489458,-1.924188162145612,-1.873632548782034,-1.899885205817009,-1.7192452794890665
2.0396791541183106,1.7988239232713235,1.9194481415763978,2.3489381913306397,1.1350133520315508
1.3452867253890686,1.8055807239173784,1.943786043601707,1.3550666476424607,1.7242788510995284
1.9026089622785827,2.1444255899463647,2.130543867205929,1.9258255234605017,1.5743734545406285
-1.0133041970504186,-1.1197634581856595,-1.0990705105703862,-1.2081462795223332,-0.5760269675164726
0.030093474343245365,-0.3407779638941451,-0.3762745068773531,-0.10091159144384985,0.3139623570545881
0.577068024512739,0.19505983911593291,0.5168784130840111,0.8077149739543322,1.321614915884768
0.1323458336083146,0.27357862393368004,0.5858485500140761,0.08752952568341033,0.24146539080700785
0.970511406248519,0.6991684516983441,0.8882926615946172,1.0628291033332917,1.112735767205567
1.033235996241373,0.43103270955833656,0.6249495621322922,0.725066168665209,-0.27335049168572173
-0.24510537188940215,-0.5815483617062044,0.2310618375819743,0.20912777695938378,0.6006752188058285
-0.6633113322470454,-0.5062521194196717,-0.768919541213015,-0.7252013530284305,-0.3563338610804045
-0.3201982856569761,-1.422310659023498,-1.1655807565674259,-0.5745511575629589,-0.7279624866730464
-1.5736726597820572,-2.323398405389086,-2.204489994149559,-1.3854541611440248,-0.35382547866435193
0.23395981538377958,0.03384613316344872,-0.20632575478262585,0.06017893216102243,-0.9897407112490105
0.5762598263515021,0.6606752548925778,0.7280946866451288,0.4059395580937997,0.2347582054860811
0.08026398404035173,-0.4174488375928454,-0.2596957204279847,-0.07096464278622473,-0.265633510092053
-0.4752947347529059,-0.0636204718924543,-0.4603771920630035,-0.45140096436638893,-1.0341791647570964
-0.36208358234637233,-0.04164839868929444,0.07064256224735065,0.2471533622537646,1.4693834003600286
1.1091265260320842,1.4590293013397448,1.3404776774329206,1.0431675281744692,0.8286473560410096
0.4392963426122576,-0.20142057425693025,0.18628530014038502,0.5650939728393845,0.43671984030650063
-0.777460588049823,0.42863029128156915,0.2217345759410753,-0.7443356959810581,0.9182698966909757
-0.13463689194036327,0.6129119750555896,0.6000726226107412,0.08168654615610305,1.0389080232824943
-0.24276855393787683,-0.4172210974704685,-0.5962933578907137,0.2917673083429513,-0.09513388133261316
0.8776004852900182,0.6465826504308653,1.084345831933239,1.2455114573063113,1.0942535237900817
1.8350531306599238,1.5512275780882272,2.012102169840227,2.4678164920041232,2.3164938140970293
0.11113749080141591,-0.48936916402934977,-0.27095469675744266,0.41433093925537523,-0.5830842174584719
0.5210022415754945,0.23876835464332072,0.4700703325330022,0.8768427576197364,0.43893374299821875
1.4915789560180728,1.3488465980338162,1.2171343374839143,1.1628264093259404,-0.04157440268657546
-0.26689272961295907,-0.3280596481592592,-0.15897666350946013,0.07732633436916948,0.8053870429753234
0.15497943004419512,0.03520038397087291,0.17696893765531002,0.23887587343679745,0.6167859216471773
-2.1255234210179275,-1.8895368788644116,-2.1571301632557796,-1.6158035057598705,-1.4296915838121873
0.2571310041782533,0.010003526274097436,-0.5796796817574356,-0.20376083157818636,-1.4975764885300946
-0.876799733236857,-0.8703192820954945,-1.3600654073823262,-1.282602259053266,-1.8634458186774623
-0.7269805052349112,0.1593763972454474,-0.04165649856495041,-0.6694592985103989,0.7746834069267207
-0.46511389413537485,-0.4922197669024633,-0.3248458856485979,-0.38916655517675675,0.0026530522251180257
-0.24895632987826885,-0.29697345181444124,-0.24155164956470457,-0.060570970397298425,0.4063599473922601
0.6420102952493512,0.27777018114180824,0.8870838044180469,0.9784377706888149,1.1919631664301418
1.6395398169977593,1.419678070126581,1.4534383575303906,1.4953657568702827,1.5747021930750225
2.284708297709556,1.2678371688789805,1.9750459888323826,2.531388132300542,2.285590370179201
0.3976454465833032,0.2296078089010425,0.37382335868448435,0.6229336113414671,1.5233229356854123
-1.1553617100036087,-0.40822444942353614,-1.0635213562150618,-1.4510768796889233,-1.2172742519047879
-1.3221222223242772,-1.7102831728572374,-1.3169655860482528,-1.1582218057251554,-0.27837582379715775
-0.7084773609577069,-0.6659024729917479,-0.7581756485872101,-0.7332488678616287,-0.8869442869501372
0.13611469021263867,-0.10163025033728111,-0.09676556752230911,-0.07664034551434076,-1.367033645366892
-0.7834200032546801,-1.0151700676166941,-1.152440704336595,-0.554983575997233,-0.5906174021825369
0.17904440972911598,0.1449517998553508,0.08886275704105116,-0.2107118495759797,0.7917591299443272
0.00656906772057737,0.4511935563986719,0.8751541519799608,0.07980351226857131,1.4812284647897502
-0.32153640707905395,1.097561865166614,0.10239728429261095,-0.18288566657577915,-0.3004176744890792
0.41818735046056543,0.5146463586566329,0.6844142277715416,0.849129680582948,0.9737618227884618
0.26648276927774983,1.3095145850185164,0.6499850091363796,-0.06071146580944296,0.8953704464370142
0.14988689953954187,-0.23688332225777534,-0.16551510514099552,-0.12963069061369298,-0.02776613198462178
-0.35264758945304026,-0.701985055357894,-0.440482912992751,-0.48939104375417153,-0.39218903586698806
0.8819045014565075,1.180335290078384,1.0224935816414,0.6798272038883779,0.8068915661720936
0.7382322397333195,0.24909581932655545,0.7258356464290493,1.5038174125073875,1.4238998625694723
-0.5899159454065412,-0.01663051799143507,0.12523189660656467,-0.6625168172655811,0.12407531461890177
0.3478004607257306,-0.5926941794108069,-0.17890419464540633,0.28332212421353387,-0.5203625553190776
-1.8840530748530853,-1.3559275447492671,-1.6772602522998445,-2.1361384184009906,-1.6100061668005068
2.030926614303563,2.436415351623899,2.0003897492836256,1.536434558711331,0.4344020115092325
1.198129491010379,0.7098344321458392,1.0279419180196137,0.9562106322699118,0.772514376596188
0.32333950334911726,-0.202456505453166,0.040223649636672076,0.6149425834467473,-0.25254061640888886
-1.1246498178429987,-0.0076504500774752715,-0.3444623923941501,-0.8042340173352343,0.09730916144112851
0.13767469166490864,0.8832498458636935,0.4304264944378722,-0.7091473635208909,-0.8027034333213675
1.6107367887100705,2.2604722756726052,1.5282601041886512,0.9080832084069077,0.20689877816888327
0.6539670460431964,0.34671061007782666,0.7079360915076972,0.843444678157416,-0.012562588578388323
0.24131384131710726,0.1405095273923218,0.2763643012101272,0.7092846488158688,0.7226115044901443
1.6536609331100913,0.8253069201253835,1.313640810671604,1.2379446525610605,1.3036426423881282
0.5677273725101926,0.22428627698071882,0.6542760052155961,0.7314383957751547,0.7650707492703481
1.071962897693646,1.5547055182962348,1.1580432314935551,0.8005993738158035,1.4491364726271976
0.3381144446355114,-0.3681453162630272,0.1896045840897556,0.5523244310355772,0.11294405688113937
0.33301112951256107,-0.27146365384105037,-0.15775196425085788,0.22046994068517367,0.380386694016397
-0.4335479320012722,-0.6802465357611367,-0.0856411478852719,0.12193378980220755,1.602015446129938
1.0807031482914247,0.3799531745626072,0.7789442327873636,1.3125498441385397,0.7314744407883081
1.3360362972904865,1.2089173144234058,1.1633720363439675,1.2373583499379337,1.3428233180739684
0.22883540941547797,-0.7582879547704375,-0.1545581191336699,-0.2313352266463113,0.09510869812204277
1.6526571791117466,2.2937731803127623,1.7927643299327167,1.8509585671016315,1.0180547815183472
0.5411280364228421,0.05674884307161485,0.11406296328408815,0.7565825381269349,-0.5020430282977394
0.8983904262476011,0.4859617649872552,0.7069640756247119,1.0763406571955096,0.795073814736214
0.792029967130062,0.04936198371696469,0.16038454288497384,0.8376189108223283,0.11397003796128566
-0.15583470905847388,-1.231362199073817,-1.1394107311008805,-0.2665002845934214,-0.7083014928145915
1.119943722925054,1.6117642094555085,1.6200025109978617,1.4295659228256778,1.0626741195043046
0.8587492208044779,0.6425531797140454,0.6142752934254957,0.35627135561724577,1.1257262398536927
-0.4812043611633008,-0.3729043482168583,0.0713210175678233,-0.7516548883647004,0.20460813703862096
-0.8935617771412986,-1.116698928105939,-0.9010935172644894,-1.0588443673948225,-0.6054646220505591
-0.1234196332966629,0.08507546798299764,0.45420314486636143,0.431351817716091,1.5190161001764995
-1.8469662339592248,-1.9729431133864,-1.9312298714049256,-1.7749823856428406,-1.8078905309569828
-0.720484387981783,-0.663889410410956,-0.9739750058634968,-0.8433339096172623,-0.6519246107378306
-0.8837066378913776,-0.4323137199656964,-0.2367874632364493,-0.6675431089337414,-0.13099296712802755
-0.5226282571956281,0.7966841714553765,0.31116825567867507,-0.5012188363066652,0.250326196403784
-1.4752041390537038,-0.8163130235911619,-1.044205244278594,-1.5842342195476202,-1.0631198168721359
0.09227445449530715,0.2895536304761414,0.039296087187820974,0.28285416387600193,-0.1869317208970201
-1.0858845912123565,-0.6063246270951693,-0.8477686995186379,-1.0374941942737141,-1.6963755130161617
1.3936608436210747,1.5962693846482943,1.099519698553195,1.0854369003305122,1.1000951281991906
-0.32566220695055337,-0.619253351404337,-0.46863338870946386,-0.3787204437588175,-0.5857215493815293
-1.1654308875345458,-1.3475123865715695,-0.8556929442285677,-1.3902969631048736,-1.254146576408596
0.247997136436761,0.4267891453151684,0.555883928393816,0.682418849519511,0.8164866060513026
-0.47320815249417086,-0.3584627344468967,-0.2409632550885121,-0.9869742378842812,-0.6513296969887414
-1.8797201110965,-1.8172485823401814,-1.7645436141673867,-1.9045420269538642,-1.0707771691942538
-0.7732561187489161,-0.6886175603394116,-0.9393211071472353,-0.7742441670361948,-0.3899227050623976
0.0576029588298337,0.07679788601855929,0.09263708527727188,0.2738284201522148,0.6252994632328531
0.1922487685305015,0.31149618645513116,0.33840646914471295,0.7108586511766214,0.5933467849862468
0.28215766983845947,-0.46292096431091095,-0.2079467180794322,-0.2293248219595901,-0.3258088495011057
-0.26430263126439146,0.27484921248159383,0.13378283416576003,-0.20479532481384313,0.8041775072050977
-0.004394498020176325,-0.4004011929158046,-0.7169054229075844,0.08751556106747499,-0.37806039333506514
0.10514236233630857,-0.06319060480247612,-0.03218012248440369,-0.12557384692143286,0.3330678863496238
-0.39341220814897737,-0.55950681787743,-0.577174983938464,-0.9262174804339977,-0.26129676155102544
-2.034576314630432,-1.0118444372231117,-1.312939084323839,-2.2008342838747885,-1.038979657755173
-0.9969429330591658,-1.1261839598421213,-1.7708944581896442,-1.1894270003060812,-1.623043332653226
0.31995449871823817,0.48235747351441827,0.25842009766377416,0.3899024442672269,0.28949573043516313
0.554290290738561,0.8033300136441279,0.48049950731503854,0.6940489103330572,-0.27512148571729705
0.20218557646183685,0.07978553439505284,-0.36994287613298704,0.10428822509327314,-0.9248497365332696
0.7895742456759971,0.4549420960963928,0.6934203708429801,0.6677539495684895,1.138763697570562
0.13387473677867107,-0.40030855438575935,-0.15929324083897492,-0.03432372646265016,-1.22713332431511
-0.09049365258134691,-0.5528634315386137,-0.21906246776022262,-0.6533801395310925,-0.18945118189963422
-0.27077618187198416,-0.018179721079817815,-0.28822820366005525,-0.5546936289294488,-0.7245280495082994
-0.7584070345276394,-1.0384504005693762,-0.8769490177507727,-0.5602301273974946,0.05287711992852094
0.057593737862423076,0.4536350998075645,0.15105077497318248,-0.1815027151830482,-0.24641309522890908
0.6460239476477337,-0.24411195664622004,0.021991318343827344,0.18512989869095312,0.1764357052116484
0.4790818248748809,0.6114245069240433,0.2706692698467102,0.8362169119976032,0.03340949901166908
1.4727061969126995,1.2458568200838185,1.2193344602617875,1.162093970444987,1.2293156659517792
0.2867198472169278,0.497987731012218,0.8654917312525794,-0.19450820638162591,0.8067488794771281
0.7918957208408018,1.2003070017539785,1.0373791947250193,1.1073451747905714,1.127427959034583
0.3253794081180062,0.3984741033668411,0.47811128859102603,0.4079254657644193,0.7634169349386428
-0.8766632337752136,-0.5894295392711273,-0.629518193086359,-0.8302980735188691,-0.03606642805236922
1.4321676773403784,2.1585527547049814,2.0613289619520008,1.478824851249893,2.1886903230423034
-0.8115970027260498,0.4508014904373443,-0.1646734992681029,-0.7135065343611766,0.2476563251651626
0.5725907902731963,0.41954657645346893,0.8480407532163926,0.7841263318412021,0.44389073954257446
-0.34808976515012496,-0.284581237574646,-0.14227427845475463,-0.12489011272162878,-0.545079076627948
1.9214111455764804,2.318550448061799,1.930183012879956,2.0973522353545975,2.5071719834589854
0.747351387964504,0.7032954740629542,0.9358768860295316,1.3628491646924814,1.802829140827326
0.5063492885580977,0.18788129184714483,0.4014408233416056,0.5188582252994323,-0.6232339587968242
-0.825367892759463,-0.6118176946917429,-1.2493533824939786,-0.8058582603847866,-1.096763191575573
-1.035885603894704,-0.7236083420020885,-0.45812687913579514,-0.7615357410326259,0.217194540037774
-0.5952558406311683,-0.5374191550726892,-1.1073287327579344,-0.9326534598878881,-1.217695665131557
0.5600218458743944,0.23054112001587423,0.2909145839962155,0.6883687843601631,-0.6546947381226927
-1.4599042026048472,-1.2727750214461995,-1.5810624111520035,-1.968431530937202,-2.6851427924895233
0.36266626779879446,0.40598696750244756,0.08557515703608966,0.4876270324776109,-0.2105476952326378
1.134008797258829,0.9478218961456397,0.6443959982497779,0.76505610806703,0.40713267861504343
0.9156544116259665,0.7985873144867359,0.8504446653820805,0.7488581971571489,0.7872551881677309
0.9598968969703984,1.4203325706416072,1.1933537216763255,0.986631879882685,1.0013317385354819
0.41620680763558116,0.887127937979447,0.6482504902599082,0.4224019881875671,0.02573107427198296
1.1309914873885158,1.1164783049518698,0.9760135976140136,1.01755939584227,0.7611863569289198
-0.491139545751051,-0.39834571139246194,-0.20444910255541862,-0.44778035808537614,-0.36825842398988684
1.1931143866376106,1.0048960377776095,0.599687552347998,0.6198642232423025,0.28290383088251886
0.9446582786307781,1.4972816508664661,1.4450872709668965,1.4365320829967392,1.9972664852616413
-1.0305245907878735,-0.484820760655521,-0.8301945730487892,-1.2239535014276561,-0.7837637996951655
2.1475281087465605,1.7307740132229132,1.9967697409917529,1.9470422236441856,1.5894012078288156
0.297436755764943,0.17001362227113023,0.3434076200205119,0.41511358816084265,0.7350755811435393
0.1312794270386697,0.1642858555932581,-0.07363742009360597,0.028409712663873633,-0.04981717236122416
-0.4245213737565929,-0.08253431848916029,-0.43641998596654386,0.05406030396122771,0.4097584148402531
0.39755153293927253,0.5310072297268058,0.27212643855061697,0.7188521072542374,0.7626819352041893
-1.7146271009795546,-1.662892592788147,-1.7647484570040581,-1.9140135904808746,-1.5907480475082696
-0.482311555303006,-0.06446771273057397,-0.5204098752518744,-0.5066293847225859,-1.0690090146413511
0.4821714137941909,0.988290290176436,0.7900483057933262,0.3938418781812406,0.4398392635212609
-0.7036165346520435,-0.4276089011355429,-0.745917865051257,-0.38962956797435233,-0.5486211448005166
-0.4432379212284723,0.2314159805633325,-0.0015318770993285322,-0.1932435891313107,0.2857449436153033
0.5728965582278016,0.42896114932941665,0.39654611480710983,0.6859401717582112,-0.543271545546121
1.8009425653867497,2.1424979550022294,2.224488618465384,1.4994181154008306,2.0289630210248872
-0.43848629307694725,-0.739298034381687,-0.5985615852372907,-0.4434021154923441,-1.1018412093470182
-3.079259078534362,-2.4014313819002107,-2.4369444446168353,-2.884013625921139,-1.413099993441232
-1.0279116335893894,-0.7653623125579524,-0.7511685622683865,-1.4021040632926218,-1.0274889120783903
1.043152452979764,0.6725316144778797,1.3878291537950789,0.6934344060160912,1.9849544968213246
2.068313558276299,1.2370881218751788,1.6026186911023892,2.2834045055750978,1.951553970292304
-1.4154626332503977,-1.3446890999010652,-1.509452162547978,-1.1046503898374431,-0.7342731464010521
0.07338817880467786,-0.6929333625756366,-0.617628060021273,0.36860743594326795,0.41955743894380054
2.5785833782509826,3.2385352009365174,2.8965481283611445,2.2211926232472305,1.9596768188048965
0.5487777091435234,0.6210892731405494,0.37421272540865813,0.4963174326973716,-0.2369607087613856
0.04258649883915583,0.12606183415718505,-0.08894941891770156,-0.027347225030930313,-0.6864015458205194
-1.090814652370096,-1.6447580430498343,-1.1243494816478772,-1.0354728446928638,-0.19999332363795147
1.005568886349699,0.47724221839406805,1.0875036589216651,0.9497171961781105,1.506933858016536
-0.7094061927620557,0.051541229992196604,-0.7261234768183282,-0.846607940519932,-0.5060321140908547
-0.7688364401855009,-0.8822972685184522,-0.6746402785473649,-0.7898622775494106,-0.5196527150199463
0.39779141799599366,0.21652324531083392,-0.09186449050186465,-0.09154973775897686,-0.13358833478168472
-0.8374667565784568,-0.4879916093044931,-0.3128786461795917,-0.4096706491672541,0.02276334937514292
0.6292818508376765,0.2589913676623469,0.17711407747190788,0.88063223869136,1.1081458110571318
-1.2853095137703485,-1.7027978660939325,-1.619332230470406,-0.7974586272002024,-0.5222612269873108
-1.0834839715999451,-0.9373112552459447,-0.12697810506068097,-0.3710899552268863,0.8711660651759219
-2.4828681426260064,-2.6624193019166085,-3.173591850717157,-2.2280714435842617,-3.199227939204681
1.3653796859354776,0.6479441940590757,0.873047947068986,1.4707258388852111,-0.4660850328243375
0.6583600536480606,0.5875710647400529,0.9276340231913298,0.7755244519315478,0.2331506837114574
-0.24484021626549435,-0.35667238761028774,0.10281917462778627,-0.3611751948244772,0.545253307882488
-0.16735992994290363,-0.1975585178513955,-0.0593464672287527,0.17218246968196754,0.4062704714951367
-1.2885029121494698,-1.8783198510691055,-1.5852375946331247,-1.0569871287572812,-0.812446381773192
1.385964546148855,1.4460415790195922,1.2476835925528944,1.3412746981416444,-0.06688222984291733
0.013306879937081031,0.6148115107455897,0.37779526280601394,0.2469803647177674,0.5058448572074229
1.2367750367004395,1.174465373727897,1.3042765644306644,1.0190676444354845,1.0860591819239434
-0.8949480209061358,-1.538375982634756,-1.3265923094311067,-0.7113886446650917,-0.0342654618095615
-0.6524754802563478,-0.8535787032638308,-0.7762069877586008,-0.1261659634498813,-0.8896907022263001
-0.34554811655929735,-0.9416835288954457,-0.9954804625244771,-0.7127404031199489,0.1411978910149674
-0.1504175223700582,0.3399323307067516,0.5085561218735307,-0.4334285926982862,0.07085046539283037
1.0745533751077776,0.4583557238005092,0.6679956776109295,1.105393754704331,1.3392410466962226
-1.735646860235762,-0.9767241031734307,-1.2171409063157497,-0.9509043721099227,-1.0519090735899055
-0.037762161066840244,0.036058102007443374,-0.34186355880303754,0.26033184773132967,0.5495025257389183
-0.18087244585008788,-0.6028303669471229,-0.800638203148047,-0.1906962940728999,-1.0665279850184275
-0.3831100697283938,-0.39042575175912797,-0.31319066300701004,-0.998703435836561,-1.0321624436217476
1.7297791200971127,1.1363623056417862,1.3749822456457532,1.332171821430161,0.37623433855812716
1.2105732870453876,1.4149187401945735,1.2768502673593627,1.1420724813108059,0.6752432697370186
0.18921674627597757,0.40470496998716654,0.40578328524892104,0.4532769295014434,0.6817305186558476
-0.20498272887445235,-0.825777530185317,-0.5195262952304833,-0.19455165804788876,-0.02631853050267368
-1.0763098426051507,-0.9222876610568299,-1.2040650563147337,-0.6924178147116956,-0.7575897804363604
-0.5027608969754046,0.038763244099974406,-0.533076210224523,-0.1593473089494889,-0.6572731152383596
-1.1073787692905528,-1.797528197080654,-1.684842513998977,-0.6369798060434212,-0.7486354889654347
-1.6235916994895383,-1.6280009006987661,-1.5895424253187673,-1.7820577352540792,-1.328746705866635
-1.4466985771443106,-1.0774935918919286,-0.7677489627654405,-1.810915705167932,-1.2810662555594943
2.653331648561531,2.247993449668891,2.3962083765064066,3.397999436118842,2.523700585153384
0.21450094533433076,0.14000978090482152,-0.2246586845567471,-0.13921455808409913,-1.039652428295702
0.2871730498289958,-0.9311118821471807,-0.3667664374907795,0.16632349322866946,0.18070619477043026
0.8228387426880203,0.8631373881283155,0.5263746840875677,0.7269744248749527,-0.7405177995456648
0.007319279222255407,0.5318922681532159,0.11038715809259333,0.3853105339682253,-0.614562334710888
0.15459977573883346,-0.11466104358187998,0.22541195276604953,0.38463969516176805,0.3860965427761805
1.356015074389051,1.3573032320131697,1.3773100245763674,1.6946674712590815,1.8587457323675547
0.35260201588316037,0.3780382136585138,0.8844799056918516,0.9961084845424816,1.7136609432909238
2.446746275260374,2.2675533942682016,2.4662696354575124,2.9149566632854147,2.6727174542450682
-1.597801102126017,-1.2489156861840698,-1.5193235900554538,-1.969670211901889,-1.9797361742657527
0.8287139587496488,0.5062849894508771,0.47566157682900545,0.48957536826382303,-0.3270993621385978
0.17404020437490644,-0.2691253452828318,-0.40815134171729583,0.009477421982118523,-0.5314989898871917
-0.9443071816005683,-0.47191011267002186,-0.9817899031070393,-0.9506011471251328,-1.1261345968878609
0.8521857938078969,0.5282013181561671,0.7687339907301359,0.46547497541709854,0.4563793019814643
-0.624962252225052,-0.867559980228162,-0.7360680065626929,-0.4079927117863171,0.7011592421251448
0.23834904963744977,0.21771086037933235,0.26675838515394823,0.498530740207577,1.339422398473753
0.22872205449291402,0.5701649332291562,-0.09654994134806505,0.024431173183321143,-1.379675252280193
0.624836055896311,0.8728520923461479,0.7397638627278502,0.17341912443313973,-0.47869313829802634
-0.19345169365638326,-0.4245143323447255,-0.13673012286177724,-0.0371241587298315,0.4264058909929012
-0.9663684687868243,-0.15434798168963046,-0.8747875267240642,-0.7111221808136268,-0.5580672971136751
-0.7525540831877946,-1.1469237916292496,-0.7418809884965545,-0.4554238609150649,-0.40377769836238386
0.9981113636755253,0.6208892180580466,0.6087837499777392,0.8245467906549585,0.6470399135570809
1.155400993915881,0.5420202926486183,0.6106190280893166,1.1337630425699532,-0.14229734878384898
0.14543270938000125,0.018963135091504716,0.10703549701321911,0.6056287409133713,0.7688815344491496
0.04567643054271466,0.5668335676401794,0.31915242161512375,-0.1963713235244898,-0.6397336007413564
-0.7862423564639254,-1.3722597760258661,-0.9349355515066237,-0.5569817930281358,0.5062525117288507
-1.0522112458341384,-0.7973305640928634,-0.7532995992571521,-1.216176952638899,-1.0184362786967351
0.24886410553848332,0.6766158942035448,0.4846432533072399,0.4003377923252176,0.4963951266798372
-0.5968129373934238,-0.37630200969186695,-0.8244357180061664,-0.9777838049771603,-0.6530366390344761
0.1679436139903261,0.9260993910189413,0.6417437390770541,0.3632987863210453,1.021073673003752
0.10510182040291308,0.27633195283515605,0.05463880906616192,0.04336120419944489,-0.2590395380483191
