-0.4562248117943489,-0.9644082556999917,-0.5973702200808265,-0.8011435988730563,-0.8594161501933144
1.2429057248128206,0.7869136286950071,1.1931103136464276,1.3269805568522512,2.3094534186560542
-2.1427524275468617,-1.6334537250459737,-1.8721264920993586,-1.7758160385299322,-1.052736128709465
-0.25253417737579387,0.1795193753779221,0.20649761609787778,-0.5115531093338272,0.6128745349738633
0.5392346814808018,-0.1773459769931048,0.2782426982148336,0.8668848685221688,0.295036787401791
-2.28590440162118,-2.637708834406006,-2.1603525333939437,-2.7890058873646115,-1.6146529775071234
0.6593229865881244,0.7239138898603473,0.6069345624794732,0.397775842178143,0.808410502796029
-0.51344015393506,-0.6990605690127714,-0.3020371679463713,-0.7607011885861839,-0.20968591216756283
-0.4431002615786105,0.26241312474820816,-0.22856736259798527,-0.4324458548443986,0.32697807763452486
-0.4248579855374371,-0.5680400895693162,-0.35608352143667715,-0.7425682690941721,-0.29709908839304583
1.584929961785293,0.9727750951756143,0.9531333932980944,1.4026365390256343,0.30145893999845874
0.19705159697560454,0.5182463692895711,0.11241860382294064,0.0040778643262202,-1.8005085619203933
-2.1967080535505086,-2.3235609635105052,-2.350897480094417,-2.5625991627655735,-2.555811366480239
-0.3009379595026633,-0.68141026020067,-0.49422660801507573,-0.3969067885535037,1.2560745096661856
0.06539491607312921,0.7068407368774634,0.3587495749063143,-0.3863567241525523,0.3645650301386201
1.3080181958803627,1.8339524334345914,1.8364289269572578,1.0707638760855267,0.6738299007751408
-0.26835178455710174,-0.20258288410896957,-0.429398602401618,-0.15838151651161195,-0.6950475044564856
0.4153801983088399,0.3128443624793132,0.2241291057781579,0.6264723738917848,0.2981762147124823
-0.8743764939571715,-0.7575828629562418,-0.4475930433196969,-1.0813433836225448,-1.350384534494055
-1.2723572749761904,-1.355136728644239,-1.387647130449112,-1.5329992746237309,-1.592508545486492
-0.6448662024620492,-0.6086784241829806,-0.9324322495022587,-1.054204915550325,-1.3632658010096266
1.301797605089893,1.2461021133790993,1.006438389442288,1.1018165694560584,0.8650511485976623
-1.2596307998782956,-0.9612039243945587,-1.2930060110580377,-1.2881023897074388,-0.7334160298158726
-1.0003264746261697,-0.7526339630552968,-0.9479883561062609,-0.5725433671901575,-0.9922399989094511
0.7355035936414914,0.7609068808719157,0.7902245628345519,1.038873606191418,0.5199652879827545
-0.33076452497378617,-0.4080652418209194,-0.7812726312258048,-0.19095735304237985,-0.11968637363611052
1.6952308904369664,1.6962405800470792,1.3018294973039817,1.3726044310617065,0.7116768500206132
-0.44210695249888743,-0.061605588225772806,-0.010756158167114765,-0.16249771791209255,0.33661581820440045
0.7802824869105958,1.069570636279225,0.7969218104226568,0.3611791607808814,0.27324814409426373
0.2848167138685022,0.33069890426046444,0.666542066118264,0.22304051759593158,0.3651093515512126
1.0351470335201147,0.8802052942578736,0.8081006639096537,0.8445852746822908,1.5006237937417404
0.14128456546449653,-0.9491719676160788,-0.6611360381164617,0.7280159570971426,-0.2552165263022809
-0.21775926887846417,1.0326796855182607,0.9974333993972376,0.13566352958323233,1.5986791617650273
0.7178719150940646,0.7095559960161336,0.8492326954902184,0.4146350510757763,0.9669530389610569
-2.169413220881555,-2.3102047165340167,-2.1771102063045413,-2.084529360341354,-1.7958850870749457
0.280951367924302,0.6574110371047339,1.044379329159947,0.13049459138794628,1.306616041930162
-0.12905516551139828,-0.2906184953414688,-0.0949291650546933,0.23642976597418205,-0.30533994363654454
1.100432104118797,1.1034960887860437,1.0632053799317454,0.7540998464579486,0.5774521751974102
-0.6725289565702677,-0.0461724983138535,-0.24220673884356908,-0.4477046817102271,-0.040170271589055936
-0.9617977951718472,-1.2397071353024391,-1.408574616764471,-1.150270362534036,-1.9450303527258241
0.571771255511289,0.930042171741427,1.0569542875726299,0.7317718190785638,0.14267804662441194
-0.7558927140651008,-0.6452781037914584,-0.3490774265640653,-0.530099782918002,1.0010321219746239
-0.6297782420042226,-0.09724062625558745,-0.3045340600777873,-0.467611744549616,-0.73640087700826
1.1408852261040416,1.2017048710696618,1.0845145067041895,1.1851019141545924,1.0677960593692595
-1.5834832787524413,-2.0294251541268395,-2.007466527546483,-1.31200478133035,-2.3454210698206586
-0.23267630097416864,-0.15001132316963794,-1.0933758788124148,-0.4311211676899083,-1.7248167729340407
-0.3088778993690102,-0.779068105115127,-0.6498765110298859,-0.06728289328252125,0.42088386473634654
0.49352824196887307,0.20957442259058034,0.1493065872119319,-0.16387042604458926,-0.32106629759452704
1.7918217623307848,2.2963291559087007,2.320450917894423,1.6835146764174398,0.6666029709457687
0.5042115799855277,0.7482201177422492,0.696179428561881,0.7702664878498542,1.8818964582794493
-0.8729291319869942,-0.8389667740493857,-0.8234864371181385,-0.3285781674627562,0.39766970098520854
1.9592841481339718,1.7896228451912188,1.9986079992880863,2.0141576066455777,1.1628700478023888
-0.24550026723632948,-0.5166687681385215,0.047027157597622514,0.014632293957299498,0.4976145586415512
-0.6463536603503958,0.15671258965732998,-0.015935761768602674,-0.50269556460134,0.8576313589586777
-0.7254394848056916,-0.8072070631745459,-0.7019261578032743,-0.29863875065973894,-0.705229379369603
-0.6192412319405847,-0.1135363568983182,0.011202117866828343,-0.23634333742324268,0.7524164605006957
-0.8263668640558574,-1.6411600356398288,-0.7872950974140142,-0.4607655831405999,0.3468240903573207
-0.672878819578847,0.7465875452882483,0.5108921825715926,-0.8740919244744236,1.0946224329565377
-0.10424091162161396,-0.5715161733660205,-0.24193986872806308,-0.08395510245078153,0.7956680910559162
-1.43725533969446,-1.5121275873028217,-1.0327955778674633,-1.6201877331933308,-0.30003690928019655
-0.38610920182229663,0.05598013893765016,0.07625354467477873,-0.7556324009661347,0.05732097403693473
1.1672844114594776,0.7681090925343467,0.9440271302384042,1.203354291451494,-0.01916507344906064
0.48793365957708423,0.10325740515115941,0.4111735216377343,0.47245097886862847,0.8928401939457907
0.5258237025048127,0.36047267124777155,0.2791005647917112,0.1276330070022449,0.4549189128783729
-2.0504534630271407,-2.0021343720609375,-2.0092945508357927,-2.182651497195043,-1.6510355683340288
1.5130371590627048,1.437070697998251,1.4226502572592554,1.455544289882327,1.5091810544301594
0.6035251241046415,0.4874656737620547,0.5480865033934778,0.5858387125489997,0.8487061847821189
0.35951267903003753,0.9923283599058964,1.1778924642077522,0.036133528812899565,0.6409786245095079
-1.0449098250482793,-0.8801845518554977,-1.287540616997078,-1.186373048675089,-1.094682368180606
0.5365393336186879,0.23156716797244656,0.6738602798268769,0.06312311915376724,0.7620995045836505
1.6071896323822048,1.51526162298173,1.4934554078930442,1.1625147787328367,0.407663171340236
0.018919143819991314,0.15391474982114814,0.3282635104067753,-0.018400769410449602,-0.11894771214859003
0.26107061769850154,-0.8434179337480044,-0.75365191252519,0.42882373311599153,-1.2180665127133286
0.06706410357230391,-0.5225406470288211,-0.1525706500521986,-0.159245188835136,-0.6641864157897951
1.4684174860622672,1.0242103569318515,0.771514873110589,1.2263299710709386,-0.12382296107427437
-0.7703992057653605,-0.5784586578861355,-0.7207882433691116,-0.5333698015314075,0.6149606183126565
-0.5390833639961816,-0.8624128152767723,-0.681577928725198,-0.28786065214354767,-0.04128718368724077
-0.5964112149977788,-0.3381329919577587,-0.43398105116795305,-0.7362125026348839,-0.2862276773373605
0.6083533689940506,1.3028642414878513,0.787119072162048,0.951037590448778,-0.11622843354689671
0.5774757071119337,0.9484232450164714,0.9770548739017771,0.09659677274540342,0.2879884354140583
0.12567221608280577,-0.6130753281081734,-0.5381875579349115,0.06315027923719753,-0.7439324935995121
0.953756261869817,0.7645453933103321,0.6243290177725499,1.2652200252635228,0.2181206564427958
0.608158839481558,1.0613293414031653,0.8950288584700964,-0.04834668814286258,-0.313797636436192
-1.9976098421788833,-1.7164516328567625,-1.8463732023189279,-1.8445789331377853,-1.5772946914079773
-0.7688203013061882,-1.0836817289056966,-1.0927665221821101,-0.7170491896448504,-0.03337617776814333
-0.3030625071437211,-1.3229876243916894,-1.4070725589072528,-0.5718688818437138,-2.7327428460740815
1.9217079770799763,2.5584036076071097,2.4000874565427015,1.9638163606821035,1.3508889451231552
0.024365559636998876,-0.7120828815475065,-0.5369602088324689,-0.08336163941267005,-0.5471806105484521
-0.3600445424427301,0.2757701517752695,-0.017117438311380392,-0.5899002790882134,0.48330926674663055
-1.3923961496591097,-1.1775808154180845,-1.1206766278178122,-0.7895744900345588,0.06340894222313366
0.6163408961200548,0.653320192175791,1.2897798124771593,0.7029095350405382,1.325525478268446
0.6854062108129721,0.7407367855064533,0.5673716895953432,0.6796791388205276,1.0183878094754957
0.9740616157653202,0.738821644490576,0.8256625977902854,0.836205811781111,0.5053688521790548
-1.2859777582579068,-0.888048862839184,-1.1531266596357455,-0.8628102170735134,-0.7597640838364855
-0.22056073750611746,-0.2170945869089014,-0.5025425787967285,0.15082136232639015,-1.0309372606193676
0.3496270615449439,0.4305889345753579,0.7609855039142168,0.27981525490883374,1.0810579419300381
-0.6545799527815441,-0.29617966399952406,-0.6234425287111648,-0.7490932815282305,-1.1523707842446087
0.8756056066728298,0.9947420663764316,1.0548424840324628,0.8440154460293012,1.5546637033910375
-1.0492005440532928,-1.2728489482746699,-1.4662941837792094,-1.1326232793969253,-0.41874893652723666
-0.2460093992644966,-0.3430385241503623,-0.19769206826538588,0.23012965150374104,-0.19949490454600313
1.364589228934968,1.8533003249504794,1.7503210978331625,1.6378857758400986,1.1076755175739328
0.4221295411328428,1.000397233108846,0.7334092003147099,0.19673278387555002,0.4491162209846682
0.5404333677036768,0.5699866659671048,0.5912526556180707,0.8357791875119487,-0.23857226833116987
0.293329759504135,0.9498232641238268,0.8324968019536194,0.7798683359099787,1.8056941289263262
-0.5021018170178864,-0.12621893966027825,-0.5641985943745157,-0.33049849376980006,-0.7250111890681648
0.7029945155305865,0.2870572390187073,0.27241532831030413,0.48702239210496306,-0.7358413307537405
-0.4605429124572014,-0.14134230889843644,-0.09999994305910737,-0.44325088659327183,0.21769828720891032
0.5066340149926769,0.4946549025296819,-0.14702861556589406,-0.12819774426709066,-1.9395969177767658
-0.011102876844683945,0.23402141716801725,0.4518479277482228,-0.15286390652479115,0.14405113238613892
-0.13626113752806188,-0.37918867116915134,-0.19953347365799223,-0.4731544354681164,0.06132167570384645
-0.9515743686202427,-1.1077723836425717,-0.881227497034399,-0.8005195620034283,-0.6909076974472028
0.18752956114563404,0.48512066772920304,0.652902606413697,0.1543183906538052,0.35020154382177543
0.05394072619223677,0.5026332287068649,0.12711797924707502,0.34342633671269657,0.333575497877739
-0.050080483394352567,-0.36953779370217776,-0.27373440014576494,-0.03681583900597685,0.5409951110518411
0.3479100514872337,0.2011410167394293,-0.11086273899187687,0.4662358917294487,-0.7178888336681196
2.4165060154625184,1.9554481098142737,2.2946484072974527,2.151876628534785,1.9162171418886886
0.7043789896216192,-0.3778931346687534,0.1715246261202134,0.8922718127233943,0.358895734953659
1.8478040825391329,1.9809129488350532,1.6213499492181158,1.7184546413972908,1.510881148663939
1.0100720665664347,1.008732524355519,1.1630970513638361,0.9018798008232998,0.9284159246914979
-0.6888918090062635,-0.8753169264114554,-0.9567369790140713,-0.5892121269050286,-1.4893297990079182
-0.03452470759111067,0.3816462887422407,0.31780870157888746,0.005263248808452473,0.16316856077578037
0.9357422506383029,1.1250985248223042,1.0161102946232745,1.4859328531037315,1.1655976699808477
-2.077063684879397,-2.1199160233117555,-2.3331049635035144,-1.6066746765078685,-1.3341987862436537
0.30371102964123864,0.08111793300196847,0.23993672107450906,-0.0015885688035522571,0.48182587787185477
0.571122440229845,-0.08389768068123393,0.06669993456749507,0.5453185660119696,0.2595772755904012
0.3112725405078878,1.2455320786885307,0.8245385688494405,0.1784376420906433,-0.10141700479828225
-0.23939213349064492,-0.22638487183217929,-0.30237359994271257,-0.3171866929818223,0.07214646386597193
-0.8036600506603738,-0.6369479113553737,-0.8087756095150053,-1.1311379325714181,-0.9889639184175731
0.06662875149281174,0.2360100548373777,0.3693046012408334,0.17597826275979928,-0.2294333823015602
-0.6906067510415462,-1.320353082492686,-1.4119170023449723,-0.85478068415373,-0.867003196170218
0.2844379445025304,-0.6650029025601801,0.08144979944150554,0.4468096063804229,1.397185429629909
0.40107130875056235,0.16300312361373165,0.075807180482324,0.5968769584461452,0.5533597327013262
0.9367849365521514,1.555383138620837,1.246256812121568,0.9413311849339596,0.5312430644143128
0.7359310562902769,1.203260457472171,0.6516152261090026,0.6727692292944663,-0.035931606064261816
0.47586046989139863,0.5297752530003966,0.6268632550753003,0.27224113202124905,0.9327886729900207
1.099138519701719,1.9608772068644995,1.6023742257870375,1.4289692764819686,1.2406064999819417
-0.008647288599167467,0.37044715294126274,0.24009188580202362,0.0943562303799246,-0.22170157404422003
-0.255860680279508,-0.564040974447228,-0.6154777449905876,-0.14804861325848578,-0.7457876058760968
-0.5921551960223617,0.32551014540006185,-0.35098965666425547,-0.29783905024355745,-0.8767039908840709
-1.117889410514744,-1.4067349817528008,-1.0940066903155108,-0.738114743735471,-0.606884193573414
1.9387778235040491,1.9307696130275964,1.9625053644678376,2.0466640348273883,0.8387746686909091
0.5880043207166774,0.9569146082954223,0.832868520227399,0.5495633574663756,0.866260556514465
-0.07095649074000575,-0.5874067776643396,-0.26144512186562324,-0.19801682544747065,-0.8155080352525941
-0.8497603608034969,-0.7816621422721866,-0.7518781660485592,-0.7918433638306505,-0.9435751905355153
0.1798558187783604,0.515107128621768,-0.12165521112217825,-0.3528752088748072,-0.645919258607485
1.4467444137781091,1.0666161075837044,1.1792084846415118,0.7342985649171099,0.784654062188076
-0.008389523672455731,0.00523356333274295,-0.5422356752781706,-0.1563285408825073,-1.1590807220853616
0.6625694941926976,1.1561328622360223,0.807464414241424,0.611619271064331,0.20822295377201316
0.5260395398509214,0.28979405080698817,0.2649989178676422,0.7673111058568254,0.4464488495831963
-0.9844496999462057,-0.42701559129430766,-0.796118330301713,-0.9987232980072202,-0.8025326861887528
0.2790865354559749,1.052547697999371,0.7251212794318097,0.03971300911794998,-0.5671133892047187
1.345631427911159,1.8605308370721088,1.4107511433961215,1.1360589214545667,-0.20724926958387116
-0.06009150579429305,-0.32321198761920444,-0.4182978682867166,-0.8740286650272782,-0.7989283456333611
2.4552038020895472,2.6387111274558515,2.679626504007851,2.713594072060234,3.3832067950795075
1.337594464033153,0.6458048023243586,0.6428680628293308,1.5895841497727394,0.7708470734001815
0.2886028152765651,0.718125949406635,0.6449909995033042,0.315622986547971,0.2500676248073633
0.27563754398690404,0.6569281939608576,0.8867445615824514,0.42085968889190606,0.5657186035942983
0.32768401045585155,0.6124576332928265,0.666583102665803,0.27179653084651745,0.46806407880932765
-0.2132800353257492,0.8172753262245578,0.5327028697767875,-0.5923209931489799,-0.07386839610269376
1.132178649451886,1.4255199926274806,1.14319526358262,0.7455367803540649,0.22743260982107685
-0.15653326882338842,0.4749766135603255,0.6453827038569393,-0.28434965307530335,0.6437420780302319
-0.8903135803734183,-0.567087053652228,-0.88605773056169,-0.8830240856297559,-1.4479322361549205
1.0999779020294036,0.6058181005869907,1.1784183433718418,1.3283993909025373,0.9550079187114708
-1.1748004454489043,-1.3903212478775793,-1.412221487494562,-1.0066579718404849,-0.6486854541035065
-0.7449482696292923,-1.3355285593902908,-1.1064970039442743,-1.0309391792002465,-0.21627704175169601
0.29051162318994883,-0.5555356527540989,-0.6286739852925062,0.2517233072014553,-0.9505364028675356
-1.6552671406491284,-1.962021143832335,-1.4142962191345476,-1.4603418750325883,-0.8488357417452554
-0.8004446864045597,-0.5745916233387421,-0.28418627611800523,-0.8748577377988939,0.30833845901816986
-1.080537889269247,-0.45751096403316976,-0.3595486848073475,-1.0154669745349902,0.2657801642599857
-0.8000235005574541,0.12484157661383202,-0.44683848096491224,-0.6819811710855773,-0.2278996300487297
-0.13756569567151808,0.9407785210782355,0.972022020522854,-0.4187547787238099,0.5360153172203503
-0.10709990125778711,0.2257942788143242,0.06011124633857962,-0.47203506562506686,0.09322211900229203
-0.7237473053970553,-0.8513753771027068,-0.6619401246299323,-1.134544288741831,-0.9096504907293325
-0.033592265152148575,-0.13217390928957354,0.07404119419357783,0.19752461984245695,0.8328113763452006
0.6413630807508297,0.006434356896386973,0.16267301632165937,1.8647152436840075,0.3218909846663
-2.060202776921687,-2.230169270618697,-2.167635170341233,-2.055050977348206,-2.6024118238901437
0.04197814302468119,0.03242296533529503,-0.025623565096512573,0.16023768387813644,-0.04188800989823797
-0.3979860635600273,0.41794670545984897,0.16319204765464,-0.516692679367195,-0.33657388500678337
0.9320476228562677,1.7451009004228744,1.7508239790384827,1.0627129906952308,1.1484436845397765
0.10827132412164789,-0.8535388723357329,-0.7669986863652661,0.016254341651335866,-0.5535294207482305
0.695959009545183,1.4200858609990836,1.2187290633219559,0.6671259499284677,0.9059622196814876
0.10688715840667048,-0.215455632421787,-0.4164767943814929,0.09157692199221966,-0.5556816165674459
-0.890187852451603,-0.5999257815891017,-0.4592992305979336,-0.6500768392738042,0.47062726486882583
-0.4971151576843339,-0.7152964968931268,-0.7960130374730331,-0.3032256542129379,-0.8609524490920928
-2.567317282990732,-2.521367407329529,-2.4524294371202857,-2.668202154314017,-1.501396652161677
1.2588594430073183,1.7369859228223392,1.506111148541541,0.9536115411279719,-0.25095431723916867
1.7440590549617216,1.3392733216918213,1.3754396147986574,1.4399133927813155,0.5558034437156771
-0.5625810577846121,-0.626081284599517,-0.5006325723230303,-0.472282164775397,0.5993137028356208
0.24687095100465173,0.6626909526987693,-0.29436534724799895,0.2225368833910507,-0.5294008633627703
0.02926493113779086,0.1910242734847709,-0.22340833272049676,-0.3280695455765323,0.12818362479163725
0.583568739061466,0.5446950820357643,0.34610205945091643,0.23333591518952726,0.39026343311208034
-1.9317573162380197,-1.5226094599835909,-1.6354520227501133,-1.9604614904788786,-2.128310944324516
0.6467632996338607,0.9584619658971777,0.5290669920948151,0.5636526074826715,0.9667348927894835
-0.1485032486842256,-0.2902993863600651,-0.021854767157808343,-0.28431330826720275,0.15335753663002336
-0.35566719941782954,-0.8071993044523406,-0.8939118690255955,-0.27013524361754243,-0.6981007126612525
-0.2628534241166487,0.19466507232088495,0.22620372001427594,0.19513961265388732,-0.09785893833108543
-0.2964428629107105,-0.4761969426875998,-0.5112504733507831,-0.6539162028661242,0.2209175125740848
-0.004383624203465833,-0.15099155407151965,-0.048805679031007076,-0.2066894940307013,-0.9403909393623346
1.0877398798056825,1.375623474894185,1.4082544893154751,1.0670172379970375,1.8859759061888428
0.6370044336073803,0.2572943263196022,0.6214844874178307,0.5235515699110143,0.6409329433102758
0.82811667861291,0.5303830705360895,0.6978725190054675,1.0904826060078148,0.5874684154387387
1.1621550351276604,0.9946367096495607,1.223280054478331,1.2390000100258307,1.3526246268819155
-1.977650581169703,-1.6555794732131612,-1.2143946478990386,-1.865800136771154,-0.4510056679127894
-0.5292712255608839,-0.3563374521802922,0.006802160327631194,-0.46241402946028715,0.3233143747061868
0.9131539669686524,0.8532778527779151,0.906900155044627,1.362615511585606,0.8471746389498409
0.4951689329615913,0.7838638757792538,0.4492814353207426,0.7652965500539917,1.014049286301435
0.5619156144048888,0.8652772281704424,0.6340204133709427,0.6063452594459483,-0.35320184511566655
-0.3125775819253525,-0.4630102967535265,-0.8968867079668026,-0.349608579032445,-0.1267726878143585
0.4328908846144937,0.7384601318765157,0.8500742036718941,0.8320587293513606,0.6824201909786868
-0.8742069595027019,-0.5541384000938375,-0.886425575415868,-1.0889428708914557,-0.6705794301038516
-1.3814587205237476,-1.2319372794656396,-1.4753576195931424,-1.195978792986848,-0.5297906794905701
1.7248448052508474,0.9540238011540184,1.197193094529206,1.7591290750451198,1.397185027112072
0.24078816529121738,0.3009894424897194,0.2666410931682851,0.41461654883515664,1.0477697742492138
0.8029953999677922,0.6971888135800246,1.0298403600938468,0.6709913203559944,1.0919311070181972
-0.35314040566896154,-0.8059683200340277,-0.7885770808683399,-0.44798794111723067,-1.026913523247415
-0.8330558148578114,-1.1728993890686177,-1.175734150740796,-0.5960137048820852,0.5522674447573037
0.2511811728658414,0.36351960318137433,0.2926614824105147,0.7113409242249009,1.027094220771711
-0.5945562368215473,-1.1355189027919768,-1.1514999307760285,-0.9655210052296334,-1.3259964875588632
0.3316647919429607,0.28778840350780066,-0.014001456434703442,0.09140980272762794,-0.858356619017209
-1.0755934944231897,-0.4603554306120656,-0.8183592507495597,-1.4881953573202202,-1.1953900978442817
-3.4334599548612195,-2.792094972232895,-2.9925416668741542,-2.7365209368298546,-2.237287267779581
0.5218490734999004,1.2575018489869365,0.5585572834662483,0.4638065870107446,-0.36257168142890844
1.1583409042752923,1.916821980170769,1.551900522249453,0.8046306200067548,0.5882204691175108
0.38476834113868064,0.41299630600142845,0.5086408340854506,0.6628640607068449,0.17091892724363192
-0.31479397722560154,-0.7124230064483383,-0.23807402880613443,0.2769967109036826,0.4909391882232647
-0.12528563060374265,0.34673411636968454,0.1057498867827947,-0.14216616157098233,-1.1524517669084324
-0.03293117101162192,0.2916210943640542,0.17272382064572486,-0.04460112533959866,0.34344836436308196
0.3824655461329302,-0.07434725718929149,0.3405042416907689,0.5858645673695635,0.666328373559751
0.7295210193113317,0.6825967667790687,0.8010199408401849,1.04333808068436,1.543904433407262
-0.47383630234371343,-0.3702533955477841,-0.5422898332276449,-0.2521512335307897,-0.5742307156204459
0.9165724403440889,1.0417307468804353,1.224639664584049,1.103129853730494,1.656747573036158
-1.1342557787888523,-1.4370335258549487,-1.513506704723905,-0.7438508397094541,-1.363342566584162
0.6095312316535956,1.0258357358195278,0.5865640840559895,0.41162790100063457,0.032328499444428484
-0.6826356086630275,-0.5493629197721731,-0.48479257946469095,-0.6056318355582431,-0.7598998185937111
-0.4290959429254944,-0.271912496370181,0.17835127035717036,-0.13800109455674686,0.687474508701298
0.2372344517704078,-0.1765888794179909,-0.24655605315428913,-0.14216407127479683,-0.3224374171372742
0.6180079858358812,-0.014079258371742582,0.12928296899425318,0.8347613424260297,0.7762106432868819
-0.9808685775804331,-1.5990015465576903,-2.0077552957122027,-1.3160274060078567,-1.5429634765181512
0.9433374878679358,0.9983138573489954,1.135932713632716,0.526145019026139,1.093355053030656
1.8879492938316578,1.7432081973594773,1.450792487496386,1.6017849265508854,0.016136259408231064
-0.6876488150836556,-0.5020023455063266,-0.8446536683669712,-0.6356740580914337,0.0154607892623954
1.6072785681994695,0.4583674745728215,0.9449987244772341,1.3385002275999431,0.5302453473021338
0.10089693467538678,0.11346004284362086,0.188906982944024,-0.023358996478233446,-0.5195222503872674
-0.6538594765535964,-0.2652850370216473,-0.5006426047070309,-0.8259525392792315,-1.3469048614062193
-0.8720782948254053,-1.5541422612421505,-1.365064509088256,-0.5803952498935632,-1.8908466484004198
0.23171044044573091,0.17400616106279718,0.3206057463691046,0.17792522730960447,-1.4893499697968653
-0.013996595779628371,0.1468023242607033,0.6331464968745358,-0.1281707278676058,0.5664990077605342
0.286611297237665,0.009749078706933532,0.5422978621626008,0.2295720849211388,1.2171672087812013
-2.063943718593834,-1.403901683468789,-1.5243415056525158,-2.0115749608414384,-1.6717624777737432
-1.0563845555469025,-0.15514957957095493,-0.45376154680569963,-1.365806850773153,-1.142850946240918
1.3713124870841196,1.1766759684487056,1.2686081672472203,1.4202903802644833,1.7476889493566654
1.2359514617999712,1.2918316227757864,1.271216856720903,1.6722251357586442,1.4586638045220206
-0.20422350807107603,0.31870650444155435,0.01137489653655951,-0.29637499762878966,0.060256990591219486
1.0817047500618082,1.5500319515247176,0.8983121275506653,1.0696546406691052,0.405632322883869
-0.8516685230517396,-0.42263524333220076,-0.6370991047548875,-0.8444622581632389,-1.559350676805871
-0.7129782987112299,-0.3556567346407337,-0.5195899246330355,-1.0554495782892948,-1.626552065470448
1.4174694600537514,1.148246234998924,1.0987213438550127,0.37818761302956705,0.41172655580262874
-0.21448518793752522,0.10909471102867524,0.02470542967616467,-0.05905132785282866,0.4619081953056848
-0.3689695681455916,0.1183647545479597,-0.17980278504378167,0.08177788257465114,-0.23672069114527527
1.3968250036487952,1.114392000161983,1.3326006616218506,1.3369530036990844,1.120006722395631
0.029656100509422093,-0.616506646354025,-0.5524651454590244,0.19388077573188353,-0.41035508802546206
-1.1913985895267603,-0.013782652689952983,-0.7624539066073733,-0.6497423581730164,-0.4908370259856745
-0.2833167671437044,0.43700593898599943,0.6788920798330936,0.007297954205659486,0.9595599112570388
-0.0997786124962772,-0.1859650975290061,-0.5017144091945474,0.26381382801135195,0.08099951268104467
2.3134608392038944,2.8317595162281646,2.6709708847701337,2.174132265969192,1.7386504202088044
0.0385449833993273,0.20115637930539387,0.40876376808953285,0.4593369898368522,1.4139012982165224
0.9708492072217914,0.6073471691722647,1.12913803578967,1.0088013357231636,1.3758582532321564
-0.40427038026899037,-0.9215653502677812,-1.1069812085454531,-0.9369545934104886,-0.9798853718737094
-1.3706782388278789,-0.36653116180617606,-0.9913258442625491,-1.1557109317642646,-1.185779794092904
-0.5106388706972059,-0.15993939510997918,-0.10176607340039069,-0.5784362172398576,0.9761351962460216
-1.9685244568342644,-1.4617202110344978,-2.083956820626059,-2.355189231697996,-2.2646012773574196
0.08776760425443648,0.03807623469982305,0.06982369774098868,0.2599042704406226,0.23867042984979817
0.08304075535422942,-0.458568217419987,-0.09954793270593747,-0.14685653445984187,0.4590710362333668
-1.356255529622896,-0.9924571176250068,-1.2834853287897756,-1.3926419920375948,-1.9687284977568036
0.08128667367666664,0.12373351091583172,-0.1383128982040415,0.48974458250010466,-0.04477037075844318
-0.933882837384212,0.0022346234356279363,-0.15980747546434595,-0.33024975450118443,0.20927336255681256
0.39643096284829177,0.3019197126442352,0.22304991961898277,0.8621826571397794,0.7541252181875672
0.04274822798971731,0.888859785096556,0.32292996036607374,-0.33410388500019167,-0.3269637278227227
2.610669536323838,2.2287646309851583,2.4671616960443297,2.339454417128843,1.8016543746058056
0.5461522165868824,1.4307866022569384,1.6632109087863487,0.4948394660144989,1.1909430873020368
0.6832284893844988,0.2960721182613449,0.7119512500288554,0.366093461106788,0.7493961761611337
0.7848895239990825,0.6806395821028293,0.6602546580300988,0.21525760561449828,-0.4028025328630552
-1.4883581374738855,-0.5030651848646422,-1.214164857960636,-1.468219579807197,-0.9722843630278707
-0.36094832458722764,-0.6158941948387996,-0.7792562236536267,-0.7967364899655232,-1.7294134222693547
0.29743659608319767,-0.1989142872946214,-0.3532551690371484,0.08461541727609469,-1.1229340523993543
0.26653795522691787,0.2721616531956233,0.11897345513420768,0.0784402864783041,-0.08284597206467216
-1.1328501087845677,-0.7251828687807138,-0.6933469383525172,-1.188506913182045,0.5757565252033895
0.42983456495966954,0.5728975651695384,0.35189368666533205,0.5393991026110598,-0.42740790156836844
0.4779136875045007,0.32872398414396725,0.556452713757153,0.42551941905443663,0.6205839035926815
0.3093949280252762,0.11299020351349813,-0.07221228970453387,0.2729182724222356,-0.7209238985243751
1.4415916226365075,1.4062325738927763,1.3982840749272722,1.1538782299211003,1.3508092559494553
-1.5768464712462424,-1.581432671586902,-1.7079991029639199,-1.7112660464791893,-2.206212582845057
-0.07313119500011449,-0.34688003225706443,-0.013130032166287544,-0.04167800683076672,-0.2830660721150556
-0.2668041957654427,-0.0582443475483074,-0.38240201312961497,-0.9543149106340165,-1.9335887699510979
0.2956944050803684,-0.49207586653391067,-0.20060134931358592,0.019928110391033097,0.010919173816560598
0.20968376618801507,0.5880549156567626,0.22516608333720345,0.805168546081758,0.12237927260161839
-0.31553161658533746,-0.1237451243612661,-0.03210057506530088,-0.2372237742952738,-0.05726086497170952
-2.3043184372508287,-2.416119283826159,-2.8128601101789372,-2.343940949642977,-2.966389539571859
0.6646424272976373,1.0221261726740434,1.3092760830732062,0.909414679695021,1.1641587680520438
0.0031834094036105854,0.7929680590059921,0.26267202695945496,-0.08065293780939747,-0.14385154773845568
-0.25032416775662825,0.19522858191958709,0.032131607019577964,-0.8031271918976124,-0.9792528694427224
-0.6722864109023443,-0.2921268286419776,-0.6017007964114731,-0.8000747868606046,-1.4353453335244555
-0.37114134360893464,-0.8846691274202318,-0.7639749703222627,-0.3028253230943043,-1.070940216811636
0.31995165436079875,-0.006906387929636815,-0.4839597676653042,0.11116044827748506,-1.3691491783047485
2.0762700608637044,1.527311751778103,1.7826889013875273,2.1658985228341683,2.0901999181867525
0.2458506525102628,1.2512214490040865,0.930232474662196,0.29314464167365295,0.5222943845388335
0.624825641545741,0.8607689243174693,0.49650098122302944,0.5895387899655037,-0.050795332547842575
1.844019223778549,1.3793155222306537,1.2664348532392102,1.7658832991876359,0.42812257739961845
0.7490755477703748,1.0411031721073796,1.1746680571325432,0.6284147972231824,-0.09733247600889088
0.5970517202479637,0.03988006850151512,0.3355046470501704,0.541790606590209,0.7451196591045077
0.3173173063610592,-0.2594092990988749,-0.3940970594833335,0.09912954815409158,0.14587737734048065
-0.32852326795321185,-0.5709523653030223,-0.0991249770563849,-0.6263239217532509,0.9060021939523506
-0.21858588612923452,-0.1176660902672589,0.29025687869258504,0.19172616712961155,0.4566423634589421
0.8273729521042131,0.5243341138718999,0.6038285997981859,0.6431223492464933,-0.702945630883807
-0.19091379494912733,-0.6987701193329979,-0.6222076469610511,-0.2524695998872752,-0.24314286309601008
-1.5060543107136835,-0.8764838482504285,-1.1834957037160179,-1.8135317200316718,-0.811277728634274
-0.9920791650101075,-1.604757483120796,-1.5293629443100745,-1.3612957674384605,-1.676177129474852
0.07209744054428772,0.5963952943672209,0.5819231483427655,0.1509559692638886,0.20221093089643175
0.15242359327217014,0.36287655016385667,0.19255308327931664,0.15276052114748173,0.07612112254891472
-0.953600166628389,0.28909188632929017,0.18974264028744642,-1.2450295935522406,0.0639577181145489
0.2041852293732595,-0.8123903855261428,-0.5116635607463279,0.1467194044707875,-0.43833863365489745
0.6484910930614236,0.46279704110862147,0.687143249812188,0.7083586243106227,0.9014203066673424
1.2168625294352478,2.252624386944787,1.6237462103403237,1.4000310623666605,0.8415447605230157
0.8711184019409921,0.516362772269395,0.8104786008076313,0.8939721584922913,0.0758043416178779
0.3754073131641217,1.4138767960915926,1.5924940321589227,0.5549988900123549,1.1008391985415784
-2.2110137720980134,-2.6139405856021294,-2.3446197642787374,-2.758972825160001,-1.9171103810945616
-0.3030331206698087,-0.5228214422705028,-0.363421623365898,-0.5367547779323866,0.24490580904144113
0.28816906617968024,0.30431075810526886,0.4652807383476257,0.2803175691434088,0.33172972858075567
-1.3052499489496954,-0.7389193075481973,-1.1164791656370368,-1.0099194385169181,-0.6086545833905495
-0.7471320494455842,-1.2813948797542352,-1.029134442638438,-0.7588919227866274,-0.21948236492256412
-1.7025486583776621,-2.6088433915197085,-2.4574818593425367,-1.9744772273821343,-2.4897097504735384
-0.9530738006961895,-0.6337117007592239,-0.5987596044135337,-0.9180839596449833,-0.4717139390246272
1.5615577390272746,0.9663514082595831,0.922547791104068,1.5851320031159328,-0.43506352798298686
-1.1709754738124287,-0.5309292840851739,-0.7667307516444207,-1.344452531365175,-1.2489388344344028
-0.06782648811685764,0.5611451228333922,0.027546562295175894,-0.04244826920858905,-0.4030828287281629
-0.3958282650504338,0.20758839202449458,0.1503483460015346,0.19216476181179826,-0.5085598597164351
-0.8778752991116542,-0.8134270295921595,-0.6812646442145276,-0.6278068717567428,-0.3584857067203279
-0.5662752186398944,-0.4581308921634256,-0.9492480375714357,-0.8206387281795691,-2.3729939505718325
-0.5820297187007758,-0.621159802543468,-0.46331626199483594,-0.695200837367199,-1.5015308869373898
0.27549409091358595,-0.036673564669812544,-0.38596131696209435,0.3213136531250974,-0.9037045400678136
-1.9276548316311808,-2.1384817373878655,-1.7808417347060068,-1.6333065547938477,-1.0322702938276447
-0.34964223793649435,-0.1794004862145826,-0.42962342875379494,0.36710170558778077,-0.005014216317406661
-0.10312658330030439,-0.3118986506800978,-0.0914532000869575,0.2973969069934629,0.39437504329844836
-0.058595244941103485,0.336816974000987,0.313658119936996,0.11869202611731498,0.45296705141893934
-0.5461523973997147,-0.9185424053878646,-0.6719692824042964,-0.5048538717496937,0.4634992286655104
-0.9916851674768777,-0.8942729623000253,-1.0037543018068626,-1.1526847225663048,-0.07312291467590339
1.4223208782345484,1.287363075802979,0.9688050163928176,1.3622103124532945,0.2667788300030957
0.6254379379483502,0.45730095934968457,0.5472577483453889,0.6939401564712276,0.7772124111272529
-0.500889805338273,-0.8231723898216777,-0.7913538930760687,-0.020400393176021332,0.5012098262262316
-1.0443860296501253,-1.1813510343041795,-0.8808676316048359,-0.642819451351801,1.2682126606193604
-1.3897071047942986,-0.02408152298528536,0.05545262365024848,-1.0317005507557433,0.540190154149035
1.7224896189047596,1.3585805246800482,1.1641383244860037,1.669389343187382,0.4085102682755038
2.7190411829182306,2.252103878783297,2.734064908508422,2.7028227120569945,2.85070559954268
-0.15654701598163145,-0.2721562717345949,-0.2558755136400532,0.36506301706295724,-0.24590639257521954
-1.1768869579225816,-0.5775913331509195,-1.3745986142281523,-0.9664929288130393,-2.0228131470442197
-0.7967390270467445,-1.5994616341016248,-1.059056978729373,-0.5125004018406304,-0.21576569972205267
-0.6878971598279575,-1.6341752795995828,-0.9014138837924273,-0.6841381859650016,-1.0334153892347417
-0.718415741189754,-0.15372411871973424,-0.19400548664151088,-0.7965801781693777,0.13367063366315737
0.4447504332480287,-0.3532297232265724,-0.1804048068749126,0.1351701638064634,-0.4332931935796421
-0.8689277642661198,-0.9589932611675207,-0.8831135282040333,-0.418503325939117,-1.5865495896147128
-1.3231999645501775,-1.4450619124301385,-1.436436860107817,-1.7264604149893354,-0.4208511897803224
1.357284354741782,0.32367652591893264,0.770624420095796,1.5203794104829291,0.910374629681915
0.979240016213208,0.34074498185855046,0.21501286970551695,1.0307584879830058,0.028273918335110584
1.4547900509624956,1.4637549677479609,1.5727320889323957,1.161538749471251,-0.007717240231078214
0.44474865524995494,0.49646385448726593,0.3800572446830246,0.5812755585680955,1.0681302753776716
-2.0410553997042267,-1.5530636451513131,-1.557004625194204,-2.104382183151134,-0.6244171380985613
-0.009798070118379416,-0.059959598914298404,-0.18978852957739742,-0.15036782539502616,-0.6723197466918637
-1.2286357968899748,-1.4798004779341067,-1.5854323763376235,-0.9676273085268863,-1.0288788666672437
0.9144087486678194,0.9156126380933126,0.7784108308477592,0.8526554392249314,0.9354199596089278
0.4531079554634484,-0.2215136197449461,-0.15325331285731936,0.20892584697743155,-0.15562870755360092
-0.9412922918743803,-0.5727062280240957,-0.6528290195386889,-0.7976749037191808,-0.0014453539458883495
0.29750225138133946,0.6107885488210885,0.40277403874908413,0.4059105834885467,0.1953544409154637
0.12884272934815558,0.7401245021292586,0.50248708606897,-0.1821756845974216,-0.2526782127771546
-0.8105136334033349,-1.3351176397448372,-1.1859230500181523,-0.7414670624132653,-1.6520656945158458
0.5150967302179015,1.106001396668056,1.0054915592984852,-0.001426383007867672,1.3676589125680287
1.1175896954632976,1.4667408857793,1.644934454769046,1.043739752071515,1.2153562423725262
0.4091948883433107,0.7153754451198868,0.6519057648275962,0.7784413193543364,0.8991823907038591
1.1522703244160264,0.9225307831582655,1.207592208071256,1.1638770276890562,0.9411714243052581
1.2555133806604064,1.07037029768883,1.2400106126536146,1.0001942922005007,0.036313131790877876
3.1740188071692987,2.566313189406615,3.110832489421165,3.110014169744758,2.9278123619984036
-0.8584826219248697,-1.0641876230151537,-0.7454919814988096,-0.4501517006304519,-0.053179707384267486
0.5008009264934691,0.1584924687992537,0.528877404810473,0.33235854532872594,0.16500066513751904
0.14686339071687074,0.018074510340930827,-0.0635292794787737,0.10446895416656232,0.2561545297254834
0.22898870707501032,-0.22020821305013222,0.20371564922986896,-0.4618651882794011,-0.7895317370791718
-0.3628756027140458,-0.43542248953652063,-0.3969252544143573,-0.8259962994817842,-1.0752795581049097
0.5376430257018544,0.38702512358638375,0.3377830733010036,0.45987186262397867,0.213020457148835
-0.3814374044237148,-0.289370933088758,0.1842499361284892,-0.25715456928605607,0.5911417995464665
1.4867622198203991,1.4459986598648433,0.9589535962090298,1.719776292644686,0.11543955539574156
1.901689723812645,1.7452695432650749,1.9170463244688873,1.3473770060226034,1.5125624670486166
-1.899671302337674,-0.853674167379439,-1.16784246128348,-2.0031180803481594,-1.5426600652028581
2.3883181641589584,1.865390276557646,2.178352848837833,2.3136193815324217,1.6639836871234346
-1.431790785859961,-1.6776690723033212,-1.2048106735503905,-1.826529647304153,-1.22006705034137
0.7631936769686275,0.8289946414821215,1.0244146495239688,0.7738213498162497,0.6822413643531627
-1.358810624258405,-0.8212013351955381,-0.9827181365994496,-0.8530909726502957,-0.7104179194511716
-0.6340488039596223,-0.5355797690246487,-0.4074762591796494,-0.13187808542979956,0.4402523875043346
2.448405217756698,3.0692377217304263,2.7599381145258643,2.2911869670001765,2.1027648553018348
-1.818380716112501,-0.8294378726586679,-0.991161938408454,-1.6011387800529957,-0.547684908622739
0.04999615180030667,-0.8961771249137919,0.1305350631775847,0.4622230826034698,0.09361857568337852
-0.08717409516748267,0.27593467951388445,0.2874665809436185,-0.06442854791403668,0.17924390203595425
-0.8011846754743729,-0.3606554108161374,-0.3145404790012819,-0.3050964931120781,1.161004091508439
-0.7397568119155608,-0.7164231810141892,-0.4763160970774176,-0.8929489268485009,0.8821336412197369
-0.2815012169701637,-0.14832449946627368,-0.18817630482257094,-0.022899627162767167,-0.5550469581753064
1.5914766385734962,1.3945741741193962,1.4952484976525298,1.3634364217171462,0.5973230395362883
0.27187407284650744,-0.4566913377527294,-0.7274749399819485,0.20375412442621857,-1.4313055446832783
-1.1101610499709582,-1.217491119247137,-1.2068321504848336,-1.2337590706603594,-0.7624883800207102
0.9915652166515421,0.6944884432514645,1.03620916970671,0.4792289823152391,0.36550877018548533
-0.08918981397501557,-1.3621845099155945,-0.9494583712032024,0.1782733856950755,-0.7766394579462805
1.4188421025845837,0.2711400747617746,0.893225942278436,1.2879654529702582,1.1474214141313053
-0.6893833272703566,-0.8377388676473856,-0.7241443796809057,-0.765954849085492,-0.6265917064309509
-1.323368780293608,-1.7149081880891492,-1.2539741064510765,-1.6911244838161943,-0.658012449748036
1.0844253664565333,0.3988101585040141,1.1613856161106462,1.2601345447241499,1.8389155531850494
1.8861100576786902,1.033066674182351,0.9602076719115431,1.5023688922683451,0.088636155511439
-1.1718238563196408,-1.197230030402505,-1.516832665727086,-1.1592430878383948,-0.9241088584684506
-1.451707547229549,-0.7884734417511005,-1.29339443358411,-1.142410762789965,-0.5286024835258736
-0.16858414449969455,-0.3957525567531079,-0.6073981610691482,-0.2212627934460331,-0.5595276312117029
1.0816818357637457,0.7092029597998453,0.16264378693097328,0.7346077898969782,-0.6453714376820125
0.2823961501526365,0.25209322265761297,0.0069661786613527,0.2727765409612738,-0.916647811758983
1.776264014279085,1.3077310140121445,1.5317552811827133,1.4051951959147413,1.686625509949725
-0.4621966088201149,-1.0554631403258052,-0.8404232263240146,-0.30631098897873993,-0.20197376428319921
0.31182625047082746,0.506337599088245,0.38921390332942135,0.23573632168139924,0.14854188339009308
0.05233458302626475,-0.2619645652311515,-0.3474928602693311,-0.4432728286926491,-0.27896141387826995
1.802629642651242,1.4821394105011143,1.604560787251685,1.9172400195273989,1.197032564215185
-0.5084451090051144,0.3469225923910749,-0.11777206964383242,-0.3742712409498352,0.37382324078420137
0.5903595251503693,1.1823635246802604,1.5404447384385116,0.5939857316631474,1.7444355686426753
0.8888453590319579,0.7137520953040754,1.0238191598432396,1.0005573949802735,1.324279490664059
-0.9763066039455588,-0.7164055411523451,-0.8116671384176782,-0.6727521587552457,-0.8307614327635785
0.6390482361657102,1.839579237558695,1.3339754780106554,0.8112423363569352,-0.08947877005061423
1.1120563159901464,-0.2716225446542912,0.5502290607232531,0.9307814832950783,0.6097855311063197
1.748889853546893,1.082209186151599,1.2617991920907878,1.421618771240203,0.7874203902671407
-1.0016556595910882,-0.9639483048514288,-1.5032830515328017,-1.0525004447790636,-2.4533916695459137
0.3147405252018518,0.5887709075101019,0.3007775307927972,0.46489331124703565,-0.647046517487853
-0.34093746712640083,-0.15779063817906988,-0.37628140099402396,-0.3543587233302135,-0.12078549512461345
-0.5238187624193059,-1.1702806963622334,-1.1409370500553817,-0.35460644174999917,-0.6934149395204372
0.017801092919555075,-0.5037233589065382,-0.20294477324605126,0.0430705369600257,0.6470359835704844
2.361532799183714,2.511036223952728,2.528036175231212,2.0072487092486906,0.8644847848663861
-0.1833709556242123,0.21586241399850312,0.02827838057533862,-0.5520737746543308,-1.1567375922229506
-0.02921472854938254,0.3478759923599519,0.35494406601062645,0.22835857221664477,-0.2714935793854736
1.518414071506574,0.7200783317715981,1.0604132567335534,1.26584065214576,1.2496249347884216
0.17708070636355286,-0.8018471736962256,-0.6899431482353369,0.14542908130808607,-0.7384174482900964
2.560926793991,1.7027026219120855,2.2331495957964065,2.8034979814919265,2.9482484830335625
-0.32050035890258616,-0.0507888518696466,-0.3000303997111524,-0.2950000333347289,0.899534914413322
0.8007555641942439,-0.4044330217654759,0.06620717618364279,0.5621841497649779,-0.21435155581374696
-1.4926385311447423,-0.6100215167306203,-0.6509913637771367,-1.5546054841037305,-0.49101625475532434
2.9571913571233917,2.858942067247464,2.663640495473526,2.836272291965041,2.0465875228488186
0.5678803232462905,-0.13117462563813595,0.3179422467721407,0.24723889047010222,0.49221026465289275
0.3207000176849035,0.9311826225765306,0.8404239430518158,0.510050291119052,0.050283937367325705
0.4240444430362647,-0.5878661713872332,-0.31472020664854544,0.3732366220981096,0.3632191351688108
0.3069182577890339,0.5973059832103652,0.24981505119372913,0.047489747732516574,0.1258918280750651
1.0544397979438855,1.3025435326128751,1.4681824154122607,1.6432390057228772,2.0655290576495453
-0.5029264270673931,-1.2490158241107807,-0.7649040903038159,-0.3756082876998127,0.019503488786271523
-0.1566757254944297,0.04494108964393025,-0.16561086154901136,-0.23528007421781522,-0.08312513677474467
-0.2774356532116365,-0.08510621364501249,-0.21350439870749865,-0.2815177500448371,0.11528859754343102
-0.7928915988462129,-0.9024262568892486,-0.7955419975103356,-0.7926922648478768,-0.846865896346616
-0.26876849618310006,0.47259323695557826,0.22518788275992685,0.14371953880179433,0.5581916468018848
0.7713240277126487,0.5945930401269774,0.7998992901139278,0.9411836420213171,0.8048747111784507
-0.360227082918656,-1.116830390589618,-0.6681585131580032,-0.4349231124083964,0.6387220618308814
-0.19063785763063582,-0.3684810625052632,-0.12021475873497743,-0.13906974556321683,-0.045336440407501434
0.08565124473650149,0.8310193008335663,0.6698507544918388,0.1316246448484135,1.2089359650651774
-1.2859842025957005,-1.1542903422569664,-0.8740303615541588,-0.8065822475730751,-0.6823559627813881
-1.294958973708085,-0.5687216301902983,-0.7622559297341984,-1.02088378070949,-0.06828386540524602
0.670612961040694,0.1697121733716913,0.36746481572392364,0.5793270119543402,0.6505529637046151
-0.46150153759990425,-0.6963493154393152,-0.7477474357772983,-0.19763505472958431,-0.2455643396716171
-0.5242168754794969,-0.9054310806701958,-0.6150452177822426,-0.5672876691921178,-0.29612980817399936
0.2836301769246641,0.47440709318419105,0.3998614358606862,0.40205190039023375,0.33822185573802044
1.0816343712223269,0.9244996772113586,0.9969373237097777,0.8788554815194589,0.22306180609030965
0.4422320994252732,-0.2881170036675396,0.39352445304266326,1.2755814021789271,1.7353690436787164
-2.1583889031968697,-1.406326921133307,-1.3839260910576177,-2.1599299089960438,-1.4928436954813582
1.9462164272971427,1.5567631959862511,1.7075014986601025,1.9149865424371533,1.8884731204643046
-0.04405567880317256,-0.03450858920719649,0.002834901899268716,0.18682093427893,0.2618553150191921
0.36255295279188354,-0.26443628465868835,0.0006251779120316679,0.5749374239437975,0.23987918270199113
0.15206304374126942,0.5419258928513885,0.24734611599454742,0.0013167896382555594,-1.2668327797719212
-2.4914776786013553,-2.294299002858989,-2.6566249002246924,-2.7427724997563603,-2.144259418787083
-0.4792155989013226,-0.17376164901902036,-0.408956027653683,0.13228921694350787,0.027008867778361215
0.5395025305438365,-0.6091101179913918,-0.1754134081363581,0.5732850929156019,0.5806309734270375
-0.25787652441498066,0.07859619486844463,-0.08291866113017106,-0.2839015573920955,-0.8277220101964331
0.8836143427195308,0.1660887932698478,0.36663438310540836,0.8361416556056211,-0.10622446088550558
0.2110701936833999,0.7002383388662322,0.608155004591468,0.07547302948915738,1.1882274712484833
-0.7445624302829582,0.07350166347593194,-0.13823941210632407,-0.18321236866455728,0.4179742284218
0.6131506851961087,0.7869710051658074,0.7014277371441838,1.2609776368312373,0.8961930143265013
1.2046154700911857,0.36356508236810087,0.6748172868364158,0.6236408003196138,0.0469897543924358
-0.5319530285442422,-0.9818701994129114,-0.5239146486254037,-0.8430102511649853,0.6819572067619175
-1.5699127511766873,-0.756024914688409,-1.2268701936226563,-1.014837205608499,-0.3345851287760476
-0.14116204233946592,0.14951872675018513,-0.07761887657166845,-0.10977755458927982,0.48711581408704796
-1.042069926510047,-1.586656299534452,-0.7913011532049985,-1.221606801981645,-0.8901199244592776
1.9073793398744279,1.7926037651538613,1.7346699937992325,1.501050664756937,1.5212921408535247
-0.9077685611099254,-1.2626053308883014,-1.4452583278779336,-0.9756248597393685,-1.7636437005490821
0.3001655295338967,0.20471760360301047,0.5769943449651147,0.09330126605684809,0.582984976316129
0.01624401761660586,0.25903924689192165,0.44694248994743313,0.23849534583510873,0.08101953089894573
-1.0901097998747686,-0.7088534008269542,-1.1747556731992403,-0.9575554422554478,-0.6519251298808076
0.7837973405977229,0.41911124706692865,0.5380642451720508,0.6673340332861383,-0.3671464889567151
0.3489046742071693,0.42926198922051073,0.4084230954538625,-0.08988439062197286,-0.11208086984176881
2.863470941731938,2.1490249056685773,1.9135390191330437,2.616264892809679,-0.26303703393509703
-0.020645103722045244,-0.37735775553797085,-0.4851841369563448,0.14001387439886323,-0.2981485787684812
-0.7307387081046491,-0.3050303706417776,-0.5085180124620843,-0.6654148452349872,-0.15308014107018184
0.39040290745681927,0.7524524744209898,0.6334227177649072,0.50737308140717,0.5009081785598396
-0.08963318730778884,-1.081077825029012,-0.6274800336111677,0.11284810056682457,0.2629711533063515
-0.5014839916547982,-0.4659129325626891,-0.5139297977346242,-0.680703396178296,0.9997883401837184
0.23458265316038027,0.9496616284937519,0.4638731078844977,0.09957143862587228,0.1430888223877336
-0.38719136750174954,-0.3326677146334601,-0.19712601218065665,-0.31106360366944424,0.12708107037064456
0.5191149684006152,0.5427912966051627,0.5001123947436125,0.9757024800507438,1.025086862352616
-0.4900183775743442,-0.2873539623088286,-0.9139084806690587,-0.6924867795283652,-1.2904090679093274
0.7214225094031319,0.23053565427962755,0.13658431151172631,-0.06778274488495803,0.47743511542640926
-1.9636234731513542,-1.4520768679455551,-1.700119187885624,-1.7585478120776203,-0.2393073377053526
1.0379655223589552,1.2334383456127334,1.4417214270832446,1.1481528486994859,1.66607870930971
1.1764124016308084,1.1507910714845921,1.2721808818274394,0.4677191890535993,1.2425021038572128
0.9792303146009078,1.505369689795832,1.5773999915090895,1.560315355347433,2.4815085666071277
0.4349431751992229,0.5099947977151443,0.6239285367196603,0.38077355270710384,-0.24982979564183966
0.1377001516202921,1.0781762099576941,0.8420211572631451,0.35651891820301,0.025151872147823513
-0.6793280452180608,-1.1848901791183553,-0.5537327764436882,-0.40352247921929135,1.4352789706402274
0.0924833905139277,-0.06955529483793599,-0.2176400451766181,-0.21851994299320956,-0.7136618291793246
2.964369811683664,2.4196202466488743,2.8565598665795138,2.5912185883699608,1.6530893480323865
-0.633706000955944,0.47045204618591385,-0.07033119851237392,-0.46796399329899324,-0.8496259408856306
0.2570432939992531,0.7288391980441463,0.8363210137740634,0.5399071679860817,1.158989134188061
-0.3289756477071316,-0.22150691476517598,-0.5543637868133111,-0.4315832356205363,-0.8912949544392449
-1.4344229130186839,-1.204204409502652,-0.7534279570615553,-0.9065115860644197,0.8638757561004303
0.6013900448982096,0.8654053210442534,0.8458176018705305,0.7196682370527141,0.39058612861550546
0.627138506500678,0.7780386281814448,0.7113646166015435,0.21962189066091628,-0.02674901059949239
0.7828506929505887,1.326714485769141,1.0281928387361132,1.1120179838839785,0.5765190083003744
-0.6908026641661655,-0.3183420676777628,-0.6890846220472985,-0.7256805121061143,-1.2169224660678875
-1.545943322005091,-2.011096210212536,-1.977241788648963,-1.7201550154849699,-2.279121970595214
-0.4671305311317025,-0.2562277856401864,-0.6487753798413918,-0.1625311230827523,0.44122548761542
0.2919152740572268,0.4054414185810515,0.5006837930129135,0.2514863030275707,0.1558431246534134
-0.6987849661754165,-0.5967688426784105,-0.9619389759430291,-0.8663629859468893,-0.9543666969713739
-0.5960018175353891,0.0635931835764696,-0.31836199578430435,-0.698139229070916,-0.39529124459165194
0.3480727733090404,-0.01972229087972672,0.5851495557138991,0.268949871243428,-0.2049478226547128
-1.0206492720623046,-0.7421232657066342,-0.7600317814245413,-1.4828748570968702,-1.1407781014098486
0.41997053322307853,0.4167104706524388,-0.22432981449567627,-0.08436456105667818,-1.997264110174821
-0.6802898078598079,-1.0215874726631027,-1.0090403267770742,-0.911287689988169,-1.4152285184649367
1.3256048683450323,1.208470300720435,1.3082770536665733,1.2182023316443795,1.6166392980340933
-0.5872716763796054,0.4096599870780741,-0.07760201680274287,-0.20133311556808928,0.5314133493661569
-0.21723458658889733,-0.42374065416245305,-0.2628286958939776,-0.27763599539310924,-0.21691157947733652
1.7668489640485618,1.7556162050201058,1.8194151153970335,1.6326033804319906,1.8655873223237094
-0.9983473497584131,-0.7854205199330115,-0.9137913178530158,-1.5170993349416857,-0.7876021479494822
-0.3013857334824201,0.24239035143996504,0.18519110452673584,0.37353128298996147,0.8589008606045114
-0.2938418369620105,0.19530227921492446,0.11423304439828005,-0.47352227287626564,0.07998417350823678
1.1306519680094231,0.9506317625159747,1.0899670047111185,0.8219961381484749,-0.5218696439001443
-1.1314612339086794,-1.7806635286339534,-1.576942343419816,-1.452768861050623,-1.8331140208174952
1.7676943802370912,1.976695449274067,1.7488016846838077,1.5114066939474289,0.10563722909462243
-1.7035252824773397,-1.8525260157880372,-1.8762817776033411,-1.8306049740636043,-1.5704611708636895
-0.927981308616249,-0.563590623711533,-0.8146199641695258,-0.893671211691311,-0.6761455435653994
0.7806353062976079,0.8065621465716087,0.7001295284859321,1.0759592605150188,0.6196810649723594
-0.4911063884566506,0.029751815493134194,-0.3209729971501385,-0.47067127875344017,-0.7177665911089193
-0.6153451644786992,-0.3897930024695243,-0.465264948880864,-0.08942920376885212,0.033769772946982975
-0.23053050521291524,-0.28736431507770993,-0.39759909085937256,-0.5417213123227044,-1.4181341679267825
-0.9259349653163982,-1.4394393598946824,-1.1825995087754764,-1.0788932573407704,-0.8565003109985816
-0.1978272238136957,0.57010975980044,0.2805725562247291,-0.37167450847938754,0.11550019533051867
-0.209469141498534,-0.2821347223923407,-0.2510036082929901,-0.6228117107312661,-0.3676071605221259
-0.6903254451624474,-1.4226439785021772,-1.6673048098547574,-0.9970637965226397,-1.8336723586255859
1.454915304721617,0.7663470079715036,1.161052302093194,1.144719210767485,0.621356868562501
-2.577435282493638,-2.375401293192465,-2.370295290326715,-2.117238534698657,-0.5422500395796539
-1.0820497023320854,-1.6148840343872672,-1.535658027826124,-0.7499576559040487,-1.0330472432498152
1.1143120545396796,1.106679585430603,1.6545487260941716,1.6394673391854695,2.136123284265499
1.2632539137025829,0.9338182044773138,1.044460811451481,1.1578971561327838,0.8153426076490888
0.7025416128975698,1.2696711405484156,1.2439316724420089,1.6069125911163133,1.191231016583297
-1.5011521277326862,-2.0042264494645163,-1.9791973658099664,-1.4323479812649909,-1.397098922371766
0.4115498307936304,0.11771625960553572,0.20422793270746492,0.13823599109110707,0.32219783376350036
-0.4319079436429146,0.06829893843564994,-0.0343850769826888,0.12126431866555173,0.12426452953719572
-0.6308476162868565,-0.2141674397179951,0.06561514414324102,-0.32720471835711273,-0.7985963744816575
-0.1089770041631222,0.2552263637924478,0.6403629909512704,0.35972028984268006,2.2644577075191124
-0.8333308191946004,-0.45337971860580983,-0.7854812574311903,-0.6259878319763957,-0.8642799712244087
0.164336934249414,0.8422034977960173,0.3378563302330652,0.32917581227568155,0.20823287870756121
-1.6385411585617855,-0.6874956230055776,-1.1581804386304848,-1.1378821958342167,-1.2238318581030292
0.48647941492962793,-0.4575502760351136,-0.06447101594035654,0.9437685195902044,0.9312726373220556
0.6212970824622079,0.5136139253118446,0.5762606878356926,1.1668102688379594,1.182598426371892
-0.8775103733380306,-1.0460922642925046,-0.4885589823685503,-0.9511030048696334,-0.11518676260245984
-0.11300376381357981,0.035356613679881105,0.018951983428027678,0.9392489245322587,1.170790349067037
0.9148468976950718,1.0152228601306317,0.8686257253507684,0.7758245499185167,-0.2762652268196667
-0.5287228757613704,-0.2047320917548384,-0.18180936787355972,-0.09032157210754878,0.7511254555667864
0.4903454051920502,0.5535973123572615,0.37338625503885153,0.3907583087589263,1.614724590010558
1.1359722172014497,0.5141330691028878,1.1445803074480099,1.4511408498955207,1.4672635294236664
0.7874202565700735,1.3343997688961524,0.8145152385677129,0.47178711853769517,-0.08731854204129047
0.2938276259017156,1.2425122762147205,0.5724808660759231,0.1847938100101902,-0.12926012631512598
-0.2862127136421973,-0.8351951734466795,-0.6634387782575989,-0.4644855232123656,-0.7118517544934697
-0.09636025137740933,-0.046004695996586374,0.35658528018991037,0.00506614728905951,0.6195081933421794
-0.5451947701263371,-0.8083827725073077,-0.593083512649204,-0.84312018231562,-0.905995567560694
0.9325658128792232,0.8283610471464911,0.312527889961284,-0.016744209201399494,-0.8630532743965608
-0.14001262298699838,-0.8535907130218882,-0.8012438457146954,0.08745916082809885,-0.40138828540774657
-0.7504133290678914,-1.2776526799505343,-1.0759103584420893,-0.7403970217209751,-0.19828506696574977
-1.3572889511867068,-1.172890229796381,-1.5290769156958697,-1.385367973267604,-1.0440528025222495
1.1372544276998495,1.0307544325160276,1.1368130164165258,1.2268016320910222,1.5149549959652213
-0.17228798456611322,-0.2534212775729416,-0.37013232249526035,-0.013647125969191902,-0.3731351284130276
0.8634408274707842,0.2951437659492591,0.3652334440777802,0.5548725289953916,-0.5701840493867083
-2.039574832423624,-1.0338642918064338,-1.2148536752984496,-2.3368655321800826,-1.183684691626833
0.7475902925087301,1.044474558752344,1.0189849385761034,0.47154686273825824,0.689191614449197
0.0441267761123664,0.45861030622274324,0.08558947671652513,0.4386318417045458,-0.07214458195726554
0.22920131355678733,0.028089486451164405,-0.09191920264843743,0.10012708353922742,-0.8375027067024399
0.26684141448517723,-0.22106746823693663,0.34300236011812163,-0.04310890288302808,-0.5337369963893832
1.3072703024098768,0.9110209250453863,0.9610284188153354,0.985282359533233,0.5037898762824932
0.4635606805060411,-0.3678193063357835,-0.5934610886381562,0.26031797926537203,0.2131328518350557
-0.05026088769697813,-0.1803988280663067,-0.11619273839450653,0.11329155928978402,1.727569072747047
-0.5511923724172827,-0.652680403643804,-0.7418065786378001,-0.41165376644990653,-0.6349928566525314
-1.5701273500525341,-1.7851837771475387,-1.6239595172334278,-1.6317838783147658,-0.6532650477439215
-1.111654409844275,-0.8572540049406275,-1.5731176943741512,-1.0764319322188756,-2.223439976338071
0.6018301557428795,0.4516206565464916,0.5247668020566121,0.6691360306166388,0.514519287530069
-1.087303329976921,-0.9048353238734793,-0.7928060560678851,-0.7207661896024108,-0.44262219759110216
-0.2713004765199599,-0.09106174813914113,-0.23717926717634139,0.29217895296831814,0.43803500684597635
-1.0954099540875057,-1.0234515514695437,-0.9111133842585668,-0.8993768554518197,0.3438064775013819
-1.2839708798952825,-2.2040452413198546,-2.103625544618055,-1.9302974772348123,-2.09697987925011
-0.12919676361964433,-0.2858943241227812,-0.3725368482215987,0.007858538136332116,-0.7708998198015018
1.3086990111439045,1.2448807670422386,2.09984788941672,1.0366630218742872,1.4472479068379578
-1.326328236971111,-1.350938119652539,-1.4693640233938743,-0.9556024761975026,-0.8700125777523509
0.14813855952983496,0.7235877346169649,0.6997080529261461,0.12183405449157513,1.189152651556419
-1.7475236248289914,-1.807618222540917,-2.0350778562177285,-1.716109970064527,-1.5536471689771207
0.3429063243885799,0.5214522346757673,0.8350210416468317,1.258854168620566,3.131340780151847
0.011150265992119759,-0.21858739523950396,-0.2350354292112002,-0.2114918274791037,-0.7311746646817432
0.7448572253950622,0.04119919214004542,0.675521077286493,0.8186567487859598,0.18401766876031145
-1.941797146282608,-1.356917380800207,-1.437371514410676,-1.889151631763193,-1.2987099506350523
0.09154563615834908,0.026608397674862963,-0.18678606361235237,0.28843650861327164,0.007609007785609283
-0.12218162496728711,0.29895333889675163,0.16453804357415922,-0.448462017020979,0.11438711102945356
-0.37442270385628346,0.022871303292327973,-0.4122848772151964,-0.7406514590184078,-0.035103856011027244
1.7173772069647115,1.622311771070528,1.7895667688530001,1.4756122241555116,0.02716774267202163
-0.7197634657201712,-0.5682371513635384,-0.29212478106032763,-0.9405630778266706,-0.10527904294180074
-0.21603179636089606,-0.05119134746162296,0.04527888100654311,-0.11147829429485881,0.9659866649323949
-0.790149769356736,-0.20075686244724084,-0.326657288771476,-0.29926503745382393,-0.5235719581140522
-0.8965050708168629,-1.1635823372380651,-1.2646170859240913,-1.3012293218916218,-1.0513136650449912
0.3796001613734107,-0.6191146299185951,-0.23759437236299666,0.6198071265615842,0.2103719028370321
0.02173492624028411,-0.9196031362796605,-0.49233849408555397,-0.49566208980768534,-0.1768642472282927
-1.7776800442979623,-1.3117295443031958,-1.1666773260827654,-2.10043030336516,-1.79999106636602
-1.391316908394434,-1.6851548589432328,-1.5289080694464388,-1.2072140980323158,-1.6991420926654182
-0.42197341320502335,-0.3743361515567257,-0.03214786091244585,-0.35481200364090787,0.199247554272719
-1.3705232706578834,-1.0892598303558105,-1.480385542890301,-1.3468264947095632,-1.268191093103536
1.4709650735186337,0.5115540188797756,0.9010323186753512,1.540285318427237,0.3682798412733126
0.14518520597901302,0.1721040371338796,-0.03488814263420108,-0.11263528502918296,-0.24503715935006648
-0.6746079607644805,-0.5452694236736313,-0.6186228916607767,-0.6397979890742119,-0.34727582259750894
-1.1365773399353822,-0.9683177982133276,-0.8976820709094019,-0.7995373179672892,-0.16388390693112845
0.8865159665358698,1.133590197027508,0.74103640555898,0.622341512394573,0.09694095129174939
0.40971519011295593,1.3218894386690825,0.5400347821388194,-0.24966204118198132,-0.2522789562595846
0.5169369848404335,0.3479324924316161,0.25154754682642577,0.07196192048080367,-0.10681183502902207
-0.5047573879857177,-0.7175093568129933,-0.21914052742842474,0.11503794614571934,-0.14597400645083713
-0.9906819860961975,0.04921133171208117,-0.9571263665560703,-0.8546903449961961,-1.105280003703603
3.2418349485364764,2.1496349942313477,1.8538130218434135,2.875233218869323,-0.23584742158962904
0.34898202043757764,-0.3465486182702419,0.3040501096443368,0.5667151978015985,0.925492853685239
-1.189480804236396,-0.854092010237762,-1.020029417605984,-1.2779391538813458,-1.1886453855290486
1.4745544582287187,1.609779659685276,1.6501020663708352,1.4208350755396832,0.9807591978072037
1.571926040495857,1.4790254959795444,2.159841571383023,1.3132111884396345,1.2816787647832497
1.3016317172481202,0.5642076991732042,0.5133254943677285,0.5204809446875497,-0.38752027091910635
0.3630413657865084,-0.6188117365803683,-0.2758277985608127,0.7156286980216165,0.5619656658175123
-0.647430949235737,-1.3447306811750874,-0.8758456037172947,-0.2880875861264095,0.12492136719664683
0.2418341297514748,0.26502886631859596,0.6086237307354452,0.46764649281580606,0.27709022416657675
0.8143054253502751,1.0366082426145249,0.9971272007300884,0.650705720178872,1.5151139672793161
-1.0555398107619864,-1.2254463575794683,-0.909109713769827,-0.6634191700196717,0.14481811992017238
-0.6043274927206554,-0.05361395700326529,0.08846784554582982,-0.8091773090902108,0.3877754357521164
-2.221799346076999,-1.9504078121690613,-1.867193648420921,-2.1544637612885156,-1.0026077659864387
-0.774492672841698,-0.0236308256620428,-0.25134733365718287,-0.7458802336432786,0.23751671635239335
-0.2805833334150025,0.4706028434788001,-0.006850562818629369,-0.1719108663625627,-0.5190611581690583
0.7122203304798489,-0.07854486891662078,0.3300529773746247,0.6644793023042483,0.5148125245682255
1.232668104564411,0.8874912478710086,1.1895807961609692,1.292814052461542,1.257160699219957
-2.3028704391383044,-1.8711364105480708,-2.1441948552341987,-2.464645283099488,-2.2260936978000196
1.5040200437096187,1.1780646617727932,1.1388616728142376,1.52779724881368,0.9619744590044967
-0.735920004199676,-1.4697774345973709,-1.407091451402185,-0.7213139039760921,-1.9522618927554218
0.27023159072133973,0.5004302736169653,0.6010390226427407,0.28639447951619956,0.15254802684097857
0.806911338835935,1.2241949409946908,1.0921852094359836,1.0541049115567815,1.1755770587202816
-0.9981692234878479,-0.7833593163098215,-0.7711767034257627,-0.9555689423500453,-0.5173075835265997
0.8600320776300001,1.144360864697565,1.3449662543418457,0.9480757917658887,1.1584461728004698
0.25467654471932005,-0.09960966826222589,0.2706936821537508,0.30517916984415466,1.8764441782707793
-1.449757034206659,-1.1240591556020723,-1.0845798366066892,-1.1425588909291586,0.02418806989806184
0.6329580507653273,0.2745259652314279,0.4913213132792384,0.3257521399521108,0.2904653724550995
0.054442547196363274,0.2883224858490761,0.40194867224151754,0.07148944069060176,0.2826514446860044
0.25361664346572876,-0.12564787873664862,-0.09642649304658459,-0.020050394121152715,-0.7250652847394539
-0.27226489439073176,0.33841410378311987,0.39010389497042164,-0.26202263645231705,-0.6105837646645208
1.4371648607272154,1.8685675770050982,1.6677874974344944,1.6408826546239061,1.132069910361032
-0.8979781120391267,0.11157734607581037,-0.2491690827526296,-1.1493239294032493,-0.9584081286197587
0.6660643527926847,0.09920027264473029,0.5548139742933197,0.5508323749046823,0.88021853339216
-0.2159868338467166,-0.5367807389366873,-0.8237037852361118,-0.25617048187151603,-1.8593846139820283
-3.185387849618716,-2.910159343539442,-2.8562334532286724,-3.5279268440090568,-3.443975122236629
-0.7326065453347155,-0.7981576878619223,-0.6346672404689316,-0.49856291193397656,-0.7777665247872194
0.11327446045049057,0.5721820978229188,0.5812924192960368,-0.4741365074636109,0.25443559570215885
-0.6443783669177132,-0.34654372146387036,-0.12826959698706378,-0.5666058586242766,-0.15574047266358299
0.29783961508103535,0.46609297839943026,0.36230108099538605,-0.023316033729777173,-0.2531523549985422
0.8977868485294374,0.991701802614018,1.2452895301040516,0.8310997394421307,0.7063365796990099
1.6907304633161169,2.0436731817631144,2.1437448389361116,1.4919376817392214,1.9977622644998982
-1.323228002986315,-2.083681390890068,-1.524650551800116,-0.6201035330800962,-0.5641246451716628
0.7876306337262908,1.1851498175988127,0.5957127208153923,0.8360830563258809,-0.0440096639832764
-1.626446060178903,-1.4146532952428648,-1.1047570484042049,-1.5137073829765793,0.1704887901062346
-0.20649976838182815,0.3666467312800662,0.126362359000984,0.310178756999017,-0.009948097170662043
-0.5395233290286074,-0.010572580470036133,-0.6338583195371152,-0.8207949443487502,-1.0603114673015515
-0.8225785744525846,-0.05245767558023851,-0.6369158847118015,-0.35517049542669693,-0.030537640181613028
-0.32105768828853815,-0.09564106845496179,-0.09757139998344579,-0.19803247801692211,-0.21846800097483
0.18369734882115907,0.836863468838379,1.0086398237294107,0.22111098015613112,1.0084193812752005
-1.6719242126973424,-1.4301574807749675,-2.1113971181682096,-1.859770200443885,-2.243462956084404
-0.5324424429648107,-0.7919085804740371,-0.7989627820642986,-0.43768933289418044,0.260864343360245
1.10457212293238,-0.3645207371450832,0.37700565100865974,0.9668596453122562,0.06079670788639862
-1.1060642067670625,-1.2527759230541953,-1.024029831355891,-1.3330397069607576,-1.0230179345591444
0.5387779274322525,0.7056785963435791,0.48092613715166266,0.8236774332586041,1.1458839545702024
0.26405721638924784,0.5513289537101536,0.21583655901708923,-0.14003444396255565,-0.8650987681078397
-0.19023876731260728,-0.18503130885297378,-0.2375589095996545,0.16493850190064424,0.6882489727987112
-0.24791980711502967,-0.42537039125759996,-0.12079085184987508,-0.4830474887207043,-0.042113545134254665
0.3490025065579855,1.0170335559552344,0.38645753885535705,0.3156575299318918,0.010876822139791246
-0.07345263097053861,1.0091774964381235,0.21268488430957902,-0.06163457766056517,-0.1766234107926716
-0.1941359839391149,0.28433370124652546,0.1456830071773561,-0.04327500114977539,-0.16342658646944414
0.17854139094163782,0.1234015530926116,-0.08244083120053443,0.29016439011666506,-0.0899623792848162
-0.43851084728318873,-1.3965077754603576,-0.9713256849952274,-0.5018373943273937,-0.204323836169249
0.5070279606589898,0.49023279001412157,0.2829238259805815,0.07537046338819332,-0.16726460493850967
-0.5183497018318859,-1.1229953328983966,-0.5912757166233389,-0.7791059846546193,-0.45405923849118124
-0.9057954405207677,-1.2083649017580582,-0.8684406710126722,-0.008691561876765019,-0.5778958482256196
0.8760058375828961,0.055007769997216946,-0.04256332196348096,0.9253351275580989,0.03375910518337624
-1.7859163758870316,-2.2625692365430985,-2.5065541493646233,-1.7741362699803402,-2.2175621121257523
-0.5455220252752406,-0.17053393888032062,-0.4871521325889856,-0.15458187381755809,-0.08215630836107354
-1.9268786532290187,-1.8489325632213793,-1.365682367460843,-2.2884442135836736,-1.1767091476072662
0.19441866388934093,0.7386023337024296,0.8175762649463377,0.1314332085690556,0.9410955171240982
0.07869253516549443,-0.7465590465618017,-0.566574963545329,-0.37470971330447633,-2.1152389738987174
-0.42319508103731174,0.08460743085428812,-0.15144758537635095,-0.3963710218286765,-0.2858316483173302
1.1446105299175495,0.3415910119712999,0.6893355248906465,1.1555868204141513,0.271641513085837
0.48707940810939515,0.5327734497774035,0.5464326805095485,0.08181671006535342,0.03161087544666078
-1.0884220749608824,-1.0727242842923206,-0.886117998473138,-1.500115150311633,-1.3561792046152068
-0.9217078177529018,-1.8971658922578862,-1.5712901663138332,-1.3510271387834458,-1.4276721165467006
0.20365960054749063,0.11752627302537716,0.15793879941409708,0.24951415615527034,0.12980233511363476
-0.05088814112294996,0.8580270403567439,0.2683195463413658,0.22990145125393355,-0.1776694227423309
0.9352389410815233,0.5523491343691294,0.9724244380798929,0.6361468627730225,0.01241953258843246
-1.3287201529630936,-1.7845233421651043,-1.6149980483904105,-1.1918670789663133,-1.095158209415014
-0.7697370184514604,-1.0193314634100537,-0.9396650985675039,-1.1080208468981565,-0.8693697720335176
-0.7775938678049095,-0.5260130875371121,-0.581976995695616,-0.6517878719066265,-0.599715559140699
0.8651789673485499,0.7457221380684695,0.9024202268966974,0.46570800639607335,1.1366171450957148
0.32046850348205835,-0.28518221617251927,0.025142089488646113,-0.33719340234445216,-1.056234286241991
1.2402125559653452,0.8152164250445523,0.7435205834861108,1.0334459047358133,0.8299646975436935
0.8544620741399694,0.4551302717892254,0.9483078746104232,1.097427870676698,1.1103112871112764
0.2935615195105544,0.26204799291460573,0.5497821669829781,0.4812707409590402,0.29421864422263105
0.4962124838814303,1.2803438837853074,0.4108110617747552,0.4381605788356045,-0.3953494309808317
-0.7895208139156494,-1.0779293435417097,-0.8768778356443592,-0.9940317216980741,-1.5512087537860546
0.7416610406405169,0.33714310768229705,0.8423330933849267,0.585550883687607,0.5415724997075089
-0.5109295182277395,-0.5741934969911001,-0.47444068356553704,-0.5234591922870196,-0.9256587544972774
0.6184498907579994,0.16627475002574768,0.14366501938751225,0.3241249011097851,0.6041283648143748
-0.7283120423801958,-1.5965587918373316,-0.9778344138137688,-0.7252738064592371,-0.07988256080945799
-0.7677437862601619,-1.1335378677081134,-0.7416156784311548,-0.6668322263092614,0.1232008042184606
-0.1886035039035628,-0.27491780392559984,0.014419625853507744,0.3382618122501225,0.38553345169024683
-0.96844742164654,-0.6063809087387861,-1.0992158643194976,-1.0813945216766758,-1.826635335094729
-0.0047088112136144476,-0.1896874928395743,-0.29878116305626473,0.01232175737690091,-0.9779699787784016
0.6102894867789453,0.6279606795190075,0.4896350688768219,0.3563497394731698,0.01957872443766556
-0.4097472180501585,-0.6714159612134832,-0.6520798318323631,-0.8915687347556409,-0.7362615272496014
-0.9105092031117209,-1.2667114423827361,-1.324774842965393,-0.46943482480102966,-0.1947164342644809
-0.7302128276269607,-0.5231657977507849,-0.5223976102085178,-0.5893812236782933,-0.550646849008496
-0.725006645866229,-0.44628279490385014,-0.6643888101032366,-0.9016074074161732,-0.4855494220142786
1.0195433559566265,-0.0231254856406397,-0.044264027525541184,0.7586128895414856,-0.6931039052645175
-1.031092384896613,-1.1765959328841067,-1.060567809413282,-0.8849940773049473,0.8679464028181335
-1.3681289579812972,-1.20205970459825,-1.1221827187275428,-1.104788476851186,-0.3516075765838648
1.2071945769284667,0.9876190969171432,0.9762837011372236,0.9123167179234407,0.7631325422515571
-0.9212471373872794,-0.835301268285697,-0.8283666941827358,-1.2381921030695262,-2.0061031005652183
0.7045141235929596,0.46614932179171914,0.23836951009437188,0.030961716669656598,-1.5222095103498057
0.5982107557849993,0.7503396726935315,1.0817115811252211,0.8277363956912697,1.1096343814957252
1.1609437518848353,-0.34753609465551916,0.5463527722148268,0.918319250240302,1.3318783610392733
-1.857310032274064,-1.5938904230039674,-1.7263141850205896,-1.5509932154871573,-1.579995262559441
-1.5942924922460102,-1.3158509727468661,-1.3414984527341587,-1.377403311248138,-0.506305945900351
-1.2591923399319511,-1.2163683362716615,-1.1936042032806902,-0.991850911476167,-0.3393071447026117
-0.7755630107159274,-0.9110173441400108,-0.7249839472153089,-1.0215847194183725,0.025543855521832484
-1.5815978666219452,-0.9824119849324603,-1.0938922321347009,-1.4877678283122826,-1.2282521924729537
-0.7941666960051124,-0.8495194356189234,-0.6179825457724826,-1.2207469157191042,-0.4041524672798349
0.08947898712011584,0.14784576393943433,0.04432314087137765,0.2266137446494705,-0.21854738250275832
-0.39756085809153197,-0.5163799204895008,-0.6894134796744117,-0.8193654482385371,-2.03991112602527
0.4638093519109042,0.08534730559047068,0.0983322104295079,0.031976532404696514,-0.2496427238067855
1.3799255792776155,0.7848946239213207,1.131285101300494,1.3977623813182776,0.37790127509353255
-1.3418426383401716,-0.5965898434252013,-0.9186891157165011,-1.5703722009820331,-1.4374982441204147
-0.42993341199194474,-1.1500527953820836,-0.9846873378017066,-0.9617977033264364,-0.6829332835735866
-0.3933853272479803,-0.6023148255877558,-0.5067836116154282,-0.08265609104335127,-0.2687482787305891
-1.5633411730243953,-1.66648514003359,-1.4076733229663283,-1.6554110557206476,-0.0831668162375589
0.8677885636867967,0.26709633174306646,0.6834304722280526,1.1053383569625288,0.8404162677386647
0.6472860298746774,0.5364883290854863,0.7047068429574647,0.650717128816587,0.4355968673808415
-1.0508066938669964,-0.42945280604958613,-0.9167071088740434,-0.5734198518208115,-0.2644083009469649
-0.7733529983086502,-0.7343429072798414,-0.4148417023349145,-0.6964326028116411,0.00010695883787491744
-1.1328683212190231,-1.2962803955611266,-1.303859675689669,-0.8892698795040908,-0.008345944788597924
2.2415794522901593,1.2277051439418731,1.6171131975865194,1.911487705139212,1.024886555951426
-0.39575648257756385,0.3121648844605725,0.2422389151343395,-0.42254052841359424,-0.049820481167103414
0.8593939417397258,0.06934290763154784,0.14650695532423233,1.2420136986239416,0.7251035237672468
-1.4891422469782518,-1.3552722925429679,-1.350517591272022,-1.2707076388519698,-0.0745594005740987
0.3759200065261389,0.44879139109682525,0.3219160132198095,0.2962409345928711,-0.44387022442711155
-1.0939549940134619,-1.239818239820734,-1.014287612066869,-1.2743024019129365,-0.6436354751130303
-1.6355369605489434,-1.924188162145613,-1.8736325487820324,-1.8998852058170104,-1.719245279489066
2.0396791541183075,1.7988239232713243,1.919448141576396,2.3489381913306415,1.1350133520315506
1.3452867253890666,1.8055807239173793,1.9437860436017051,1.3550666476424615,1.724278851099528
1.90260896227858,2.1444255899463656,2.1305438672059274,1.925825523460503,1.574373454540628
-1.013304197050417,-1.11976345818566,-1.0990705105703853,-1.208146279522334,-0.5760269675164725
0.030093474343245316,-0.3407779638941453,-0.3762745068773527,-0.10091159144384994,0.313962357054588
0.5770680245127381,0.195059839115933,0.5168784130840106,0.8077149739543328,1.3216149158847679
0.1323458336083144,0.27357862393368015,0.5858485500140755,0.08752952568341037,0.2414653908070078
0.9705114062485175,0.6991684516983444,0.8882926615946164,1.0628291033332924,1.1127357672055669
1.0332359962413715,0.4310327095583367,0.6249495621322917,0.7250661686652095,-0.2733504916857217
-0.2451053718894018,-0.5815483617062046,0.23106183758197416,0.20912777695938392,0.6006752188058284
-0.6633113322470444,-0.506252119419672,-0.7689195412130143,-0.7252013530284309,-0.35633386108040443
-0.32019828565697567,-1.4223106590234986,-1.1655807565674248,-0.5745511575629593,-0.7279624866730463
-1.573672659782055,-2.323398405389087,-2.204489994149557,-1.3854541611440256,-0.3538254786643519
0.23395981538377925,0.03384613316344874,-0.2063257547826256,0.060178932161022464,-0.9897407112490103
0.5762598263515013,0.6606752548925782,0.7280946866451281,0.4059395580938,0.23475820548608103
0.08026398404035162,-0.41744883759284557,-0.25969572042798444,-0.07096464278622479,-0.26563351009205294
-0.47529473475290523,-0.06362047189245432,-0.46037719206300304,-0.4514009643663892,-1.0341791647570961
-0.36208358234637184,-0.04164839868929445,0.07064256224735062,0.24715336225376477,1.4693834003600283
1.1091265260320826,1.4590293013397455,1.3404776774329195,1.04316752817447,0.8286473560410094
0.439296342612257,-0.20142057425693033,0.1862853001403849,0.5650939728393848,0.4367198403065005
-0.7774605880498219,0.4286302912815693,0.22173457594107515,-0.7443356959810585,0.9182698966909755
-0.13463689194036307,0.6129119750555898,0.6000726226107407,0.08168654615610309,1.038908023282494
-0.24276855393787647,-0.41722109747046865,-0.5962933578907131,0.2917673083429515,-0.09513388133261315
0.877600485290017,0.6465826504308656,1.0843458319332382,1.2455114573063122,1.0942535237900815
1.8350531306599212,1.5512275780882279,2.012102169840225,2.467816492004125,2.316493814097029
0.11113749080141574,-0.48936916402935,-0.2709546967574424,0.4143309392553755,-0.5830842174584718
0.5210022415754937,0.23876835464332083,0.4700703325330018,0.876842757619737,0.43893374299821863
1.4915789560180706,1.348846598033817,1.2171343374839132,1.162826409325941,-0.04157440268657546
-0.2668927296129587,-0.32805964815925936,-0.15897666350945994,0.07732633436916952,0.8053870429753232
0.1549794300441949,0.03520038397087293,0.1769689376553099,0.23887587343679761,0.6167859216471772
-2.1255234210179244,-1.8895368788644125,-2.1571301632557778,-1.6158035057598716,-1.429691583812187
0.2571310041782529,0.010003526274097448,-0.579679681757435,-0.2037608315781865,-1.4975764885300944
-0.8767997332368558,-0.8703192820954948,-1.360065407382325,-1.2826022590532669,-1.8634458186774618
-0.7269805052349102,0.15937639724544747,-0.04165649856495033,-0.6694592985103993,0.7746834069267204
-0.4651138941353742,-0.4922197669024635,-0.32484588564859757,-0.389166555176757,0.002653052225118018
-0.2489563298782685,-0.29697345181444135,-0.2415516495647043,-0.060570970397298474,0.40635994739226
0.6420102952493503,0.27777018114180835,0.8870838044180461,0.9784377706888155,1.1919631664301416
1.6395398169977569,1.4196780701265816,1.4534383575303893,1.4953657568702836,1.574702193075022
2.2847082977095527,1.2678371688789811,1.9750459888323808,2.5313881323005436,2.2855903701792006
0.39764544658330264,0.2296078089010426,0.3738233586844841,0.6229336113414675,1.5233229356854119
-1.1553617100036069,-0.4082244494235363,-1.063521356215061,-1.4510768796889242,-1.2172742519047877
-1.3221222223242752,-1.710283172857238,-1.3169655860482516,-1.158221805725156,-0.2783758237971577
-0.7084773609577059,-0.6659024729917482,-0.7581756485872094,-0.7332488678616291,-0.8869442869501369
0.13611469021263847,-0.10163025033728114,-0.09676556752230898,-0.07664034551434083,-1.3670336453668919
-0.783420003254679,-1.0151700676166946,-1.1524407043365938,-0.5549835759972334,-0.5906174021825368
0.17904440972911573,0.14495179985535087,0.08886275704105112,-0.21071184957597983,0.791759129944327
0.006569067720577356,0.45119355639867215,0.87515415197996,0.07980351226857135,1.48122846478975
-0.3215364070790535,1.0975618651666144,0.1023972842926109,-0.18288566657577926,-0.30041767448907913
0.4181873504605648,0.5146463586566331,0.684414227771541,0.8491296805829486,0.9737618227884616
0.26648276927774944,1.309514585018517,0.649985009136379,-0.06071146580944301,0.895370446437014
0.14988689953954165,-0.23688332225777545,-0.16551510514099532,-0.12963069061369306,-0.02776613198462178
-0.35264758945303976,-0.7019850553578943,-0.44048291299275055,-0.48939104375417186,-0.39218903586698795
0.8819045014565062,1.1803352900783843,1.0224935816413991,0.6798272038883784,0.8068915661720933
0.7382322397333184,0.24909581932655556,0.7258356464290486,1.5038174125073887,1.423899862569472
-0.5899159454065404,-0.01663051799143507,0.1252318966065646,-0.6625168172655815,0.12407531461890173
0.3478004607257301,-0.5926941794108072,-0.1789041946454061,0.28332212421353403,-0.5203625553190775
-1.8840530748530826,-1.3559275447492678,-1.677260252299843,-2.136138418400992,-1.6100061668005063
2.03092661430356,2.4364153516239,2.000389749283624,1.5364345587113322,0.4344020115092324
1.1981294910103772,0.7098344321458395,1.0279419180196128,0.9562106322699124,0.7725143765961878
0.3233395033491168,-0.2024565054531661,0.04022364963667209,0.6149425834467478,-0.2525406164088888
-1.1246498178429971,-0.007650450077475268,-0.3444623923941497,-0.8042340173352348,0.09730916144112847
0.13767469166490845,0.8832498458636939,0.43042649443787184,-0.7091473635208914,-0.8027034333213673
1.6107367887100683,2.260472275672606,1.5282601041886499,0.9080832084069083,0.20689877816888322
0.6539670460431954,0.34671061007782683,0.7079360915076965,0.8434446781574165,-0.012562588578388326
0.2413138413171069,0.14050952739232186,0.276364301210127,0.7092846488158693,0.7226115044901442
1.6536609331100889,0.8253069201253839,1.3136408106716029,1.2379446525610613,1.303642642388128
0.5677273725101918,0.22428627698071893,0.6542760052155956,0.7314383957751551,0.7650707492703479
1.0719628976936444,1.5547055182962355,1.158043231493554,0.800599373815804,1.4491364726271974
0.3381144446355109,-0.3681453162630274,0.1896045840897555,0.5523244310355775,0.11294405688113933
0.33301112951256057,-0.2714636538410505,-0.1577519642508577,0.2204699406851738,0.3803866940163969
-0.43354793200127156,-0.680246535761137,-0.08564114788527179,0.12193378980220762,1.6020154461299376
1.080703148291423,0.37995317456260735,0.7789442327873629,1.3125498441385406,0.731474440788308
1.3360362972904845,1.2089173144234062,1.1633720363439664,1.2373583499379346,1.3428233180739682
0.22883540941547764,-0.7582879547704379,-0.1545581191336697,-0.23133522664631145,0.09510869812204273
1.6526571791117441,2.2937731803127632,1.7927643299327152,1.8509585671016329,1.018054781518347
0.5411280364228414,0.05674884307161489,0.11406296328408809,0.7565825381269354,-0.5020430282977393
0.8983904262475998,0.4859617649872554,0.7069640756247112,1.0763406571955103,0.7950738147362137
0.7920299671300609,0.049361983716964715,0.16038454288497375,0.8376189108223289,0.11397003796128562
-0.15583470905847366,-1.2313621990738175,-1.1394107311008794,-0.26650028459342157,-0.7083014928145914
1.1199437229250524,1.6117642094555091,1.6200025109978604,1.4295659228256787,1.0626741195043043
0.8587492208044767,0.6425531797140457,0.6142752934254951,0.356271355617246,1.1257262398536925
-0.48120436116330007,-0.37290434821685847,0.07132101756782327,-0.751654888364701,0.2046081370386209
-0.8935617771412973,-1.1166989281059394,-0.9010935172644886,-1.0588443673948231,-0.605464622050559
-0.12341963329666272,0.0850754679829977,0.4542031448663611,0.43135181771609127,1.519016100176499
-1.846966233959222,-1.9729431133864008,-1.9312298714049239,-1.7749823856428417,-1.8078905309569824
-0.720484387981782,-0.6638894104109563,-0.973975005863496,-0.8433339096172628,-0.6519246107378305
-0.8837066378913764,-0.43231371996569656,-0.23678746323644903,-0.6675431089337418,-0.13099296712802752
-0.5226282571956273,0.7966841714553768,0.31116825567867484,-0.5012188363066655,0.25032619640378395
-1.4752041390537016,-0.8163130235911622,-1.0442052442785932,-1.5842342195476213,-1.0631198168721356
0.09227445449530701,0.2895536304761415,0.03929608718782099,0.2828541638760021,-0.18693172089702006
-1.085884591212355,-0.6063246270951695,-0.8477686995186371,-1.0374941942737148,-1.6963755130161613
1.3936608436210727,1.596269384648295,1.099519698553194,1.0854369003305129,1.1000951281991904
-0.3256622069505529,-0.6192533514043372,-0.4686333887094634,-0.3787204437588178,-0.5857215493815292
-1.165430887534544,-1.3475123865715701,-0.8556929442285669,-1.3902969631048745,-1.2541465764085957
0.24799713643676063,0.42678914531516854,0.5558839283938155,0.6824188495195115,0.8164866060513024
-0.4732081524941702,-0.35846273444689686,-0.24096325508851182,-0.9869742378842818,-0.6513296969887413
-1.8797201110964974,-1.8172485823401823,-1.7645436141673851,-1.9045420269538655,-1.0707771691942536
-0.773256118748915,-0.6886175603394119,-0.9393211071472344,-0.7742441670361954,-0.3899227050623975
0.05760295882983361,0.07679788601855933,0.09263708527727184,0.273828420152215,0.625299463232853
0.1922487685305012,0.3114961864551313,0.33840646914471273,0.7108586511766218,0.5933467849862467
0.2821576698384591,-0.4629209643109112,-0.20794671807943196,-0.22932482195959028,-0.32580884950110567
-0.2643026312643911,0.27484921248159394,0.13378283416575998,-0.20479532481384327,0.8041775072050975
-0.0043944980201763234,-0.4004011929158048,-0.7169054229075837,0.08751556106747503,-0.378060393335065
0.10514236233630841,-0.06319060480247614,-0.03218012248440361,-0.12557384692143295,0.33306788634962375
-0.3934122081489768,-0.5595068178774302,-0.5771749839384634,-0.9262174804339983,-0.2612967615510254
-2.0345763146304288,-1.0118444372231121,-1.312939084323838,-2.20083428387479,-1.0389796577551729
-0.9969429330591644,-1.1261839598421217,-1.7708944581896426,-1.189427000306082,-1.6230433326532256
0.3199544987182377,0.4823574735144185,0.258420097663774,0.3899024442672272,0.2894957304351631
0.5542902907385602,0.8033300136441283,0.48049950731503815,0.6940489103330576,-0.275121485717297
0.20218557646183655,0.0797855343950529,-0.36994287613298665,0.10428822509327319,-0.9248497365332694
0.789574245675996,0.454942096096393,0.6934203708429795,0.66775394956849,1.1387636975705617
0.13387473677867087,-0.4003085543857595,-0.15929324083897473,-0.03432372646265019,-1.2271333243151097
-0.09049365258134678,-0.552863431538614,-0.21906246776022237,-0.653380139531093,-0.18945118189963417
-0.27077618187198377,-0.018179721079817815,-0.2882282036600549,-0.5546936289294492,-0.7245280495082993
-0.7584070345276382,-1.0384504005693767,-0.8769490177507719,-0.5602301273974949,0.05287711992852092
0.057593737862422986,0.4536350998075647,0.1510507749731824,-0.1815027151830483,-0.24641309522890903
0.6460239476477329,-0.24411195664622015,0.02199131834382737,0.18512989869095323,0.17643570521164836
0.4790818248748802,0.6114245069240435,0.27066926984671,0.8362169119976037,0.033409499011669064
1.4727061969126973,1.245856820083819,1.2193344602617864,1.1620939704449877,1.229315665951779
0.2867198472169274,0.4979877310122182,0.8654917312525786,-0.19450820638162605,0.8067488794771279
0.7918957208408007,1.200307001753979,1.0373791947250184,1.107345174790572,1.1274279590345828
0.32537940811800575,0.39847410336684125,0.47811128859102564,0.40792546576441957,0.7634169349386426
-0.8766632337752124,-0.5894295392711275,-0.6295181930863585,-0.8302980735188696,-0.03606642805236922
1.4321676773403764,2.1585527547049823,2.061328961951999,1.4788248512498938,2.188690323042303
-0.8115970027260486,0.4508014904373445,-0.1646734992681027,-0.7135065343611771,0.24765632516516253
0.5725907902731955,0.4195465764534691,0.8480407532163918,0.7841263318412026,0.44389073954257435
-0.34808976515012446,-0.2845812375746461,-0.14227427845475443,-0.12489011272162888,-0.5450790766279479
1.9214111455764777,2.3185504480617998,1.9301830128799542,2.097352235354599,2.507171983458985
0.7473513879645028,0.7032954740629546,0.9358768860295308,1.3628491646924823,1.8028291408273256
0.5063492885580969,0.18788129184714492,0.4014408233416053,0.5188582252994326,-0.6232339587968241
-0.8253678927594618,-0.6118176946917431,-1.2493533824939775,-0.8058582603847871,-1.0967631915755727
-1.0358856038947024,-0.7236083420020888,-0.4581268791357947,-0.7615357410326264,0.21719454003777394
-0.5952558406311674,-0.5374191550726894,-1.1073287327579335,-0.9326534598878887,-1.2176956651315567
0.5600218458743936,0.23054112001587435,0.2909145839962153,0.6883687843601636,-0.6546947381226926
-1.4599042026048452,-1.2727750214462001,-1.5810624111520022,-1.9684315309372034,-2.685142792489523
0.36266626779879396,0.4059869675024477,0.08557515703608963,0.48762703247761124,-0.21054769523263775
1.1340087972588275,0.9478218961456402,0.6443959982497773,0.7650561080670305,0.4071326786150433
0.9156544116259652,0.7985873144867363,0.8504446653820797,0.7488581971571493,0.7872551881677307
0.959896896970397,1.420332570641608,1.1933537216763244,0.9866318798826856,1.0013317385354816
0.41620680763558054,0.8871279379794474,0.6482504902599077,0.42240198818756736,0.025731074271982946
1.1309914873885143,1.1164783049518703,0.9760135976140127,1.0175593958422706,0.7611863569289196
-0.4911395457510503,-0.3983457113924621,-0.20444910255541837,-0.4477803580853764,-0.3682584239898868
1.1931143866376088,1.00489603777761,0.5996875523479974,0.619864223242303,0.2829038308825188
0.9446582786307768,1.4972816508664668,1.4450872709668952,1.43653208299674,1.9972664852616409
-1.030524590787872,-0.4848207606555212,-0.8301945730487884,-1.223953501427657,-0.7837637996951653
2.1475281087465574,1.730774013222914,1.996769740991751,1.9470422236441869,1.589401207828815
0.29743675576494255,0.17001362227113032,0.3434076200205117,0.41511358816084293,0.7350755811435392
0.13127942703866952,0.16428585559325817,-0.07363742009360585,0.028409712663873644,-0.049817172361224155
-0.42452137375659227,-0.08253431848916032,-0.4364199859665434,0.05406030396122774,0.409758414840253
0.397551532939272,0.531007229726806,0.2721264385506168,0.7188521072542379,0.762681935204189
-1.7146271009795522,-1.6628925927881477,-1.7647484570040566,-1.914013590480876,-1.5907480475082691
-0.4823115553030053,-0.06446771273057399,-0.520409875251874,-0.5066293847225862,-1.069009014641351
0.48217141379419015,0.9882902901764364,0.7900483057933255,0.3938418781812409,0.4398392635212608
-0.7036165346520425,-0.42760890113554306,-0.7459178650512563,-0.3896295679743526,-0.5486211448005165
-0.4432379212284716,0.23141598056333262,-0.0015318770993284845,-0.19324358913131084,0.2857449436153032
0.5728965582278008,0.4289611493294168,0.39654611480710955,0.6859401717582116,-0.5432715455461209
1.800942565386747,2.1424979550022303,2.224488618465382,1.4994181154008315,2.028963021024887
-0.43848629307694664,-0.7392980343816873,-0.5985615852372902,-0.4434021154923444,-1.101841209347018
-3.0792590785343577,-2.4014313819002115,-2.436944444616833,-2.8840136259211406,-1.4130999934412318
-1.0279116335893879,-0.7653623125579527,-0.7511685622683858,-1.4021040632926227,-1.02748891207839
1.0431524529797624,0.67253161447788,1.3878291537950775,0.6934344060160916,1.9849544968213242
2.0683135582762957,1.2370881218751792,1.6026186911023879,2.283404505575099,1.9515539702923035
-1.4154626332503957,-1.3446890999010659,-1.5094521625479767,-1.1046503898374438,-0.734273146401052
0.07338817880467775,-0.692933362575637,-0.6176280600212725,0.36860743594326817,0.41955743894380043
2.578583378250979,3.2385352009365187,2.896548128361142,2.221192623247232,1.959676818804896
0.5487777091435226,0.6210892731405496,0.37421272540865785,0.49631743269737194,-0.23696070876138556
0.04258649883915576,0.1260618341571851,-0.08894941891770143,-0.027347225030930337,-0.6864015458205193
-1.0908146523700943,-1.644758043049835,-1.1243494816478763,-1.0354728446928645,-0.19999332363795141
1.0055688863496974,0.4772422183940683,1.0875036589216642,0.9497171961781111,1.5069338580165355
-0.7094061927620547,0.05154122999219663,-0.7261234768183276,-0.8466079405199326,-0.5060321140908546
-0.7688364401854998,-0.8822972685184527,-0.6746402785473643,-0.7898622775494112,-0.5196527150199461
0.3977914179959931,0.216523245310834,-0.09186449050186453,-0.09154973775897693,-0.1335883347816847
-0.8374667565784556,-0.4879916093044933,-0.3128786461795914,-0.4096706491672544,0.02276334937514291
0.6292818508376756,0.25899136766234704,0.17711407747190777,0.8806322386913605,1.1081458110571316
-1.2853095137703467,-1.7027978660939331,-1.6193322304704048,-0.797458627200203,-0.5222612269873107
-1.0834839715999436,-0.9373112552459452,-0.1269781050606808,-0.37108995522688654,0.8711660651759217
-2.482868142626003,-2.66241930191661,-3.1735918507171545,-2.228071443584263,-3.1992279392046803
1.3653796859354757,0.647944194059076,0.8730479470689853,1.470725838885212,-0.4660850328243374
0.6583600536480596,0.5875710647400532,0.927634023191329,0.7755244519315484,0.23315068371145733
-0.244840216265494,-0.3566723876102879,0.10281917462778621,-0.3611751948244774,0.5452533078824879
-0.16735992994290338,-0.19755851785139558,-0.05934646722875259,0.17218246968196765,0.40627047149513656
-1.288502912149468,-1.8783198510691064,-1.5852375946331234,-1.0569871287572818,-0.8124463817731917
1.385964546148853,1.4460415790195928,1.2476835925528933,1.3412746981416452,-0.06688222984291733
0.013306879937081007,0.6148115107455899,0.37779526280601367,0.24698036471776758,0.5058448572074228
1.2367750367004378,1.1744653737278974,1.3042765644306633,1.0190676444354851,1.0860591819239431
-0.8949480209061345,-1.5383759826347567,-1.3265923094311056,-0.7113886446650921,-0.0342654618095615
-0.6524754802563469,-0.8535787032638311,-0.7762069877586001,-0.12616596344988137,-0.8896907022262999
-0.34554811655929685,-0.9416835288954462,-0.9954804625244762,-0.7127404031199494,0.14119789101496738
-0.15041752237005798,0.3399323307067518,0.5085561218735303,-0.4334285926982865,0.07085046539283034
1.074553375107776,0.45835572380050943,0.6679956776109289,1.1053937547043318,1.3392410466962223
-1.7356468602357595,-0.9767241031734312,-1.2171409063157486,-0.9509043721099234,-1.0519090735899053
-0.037762161066840196,0.036058102007443395,-0.3418635588030372,0.26033184773132984,0.5495025257389182
-0.18087244585008763,-0.6028303669471231,-0.8006382031480463,-0.19069629407290004,-1.0665279850184273
-0.38311006972839323,-0.39042575175912814,-0.3131906630070097,-0.9987034358365616,-1.0321624436217474
1.7297791200971102,1.1363623056417866,1.374982245645752,1.3321718214301619,0.37623433855812705
1.2105732870453858,1.4149187401945742,1.2768502673593616,1.1420724813108065,0.6752432697370185
0.1892167462759773,0.4047049699871667,0.40578328524892077,0.45327692950144366,0.6817305186558474
-0.20498272887445204,-0.8257775301853173,-0.5195262952304829,-0.1945516580478889,-0.02631853050267368
-1.0763098426051492,-0.9222876610568304,-1.2040650563147326,-0.6924178147116961,-0.7575897804363602
-0.5027608969754038,0.03876324409997443,-0.5330762102245226,-0.159347308949489,-0.6572731152383595
-1.1073787692905512,-1.797528197080655,-1.6848425139989756,-0.6369798060434216,-0.7486354889654346
-1.6235916994895359,-1.6280009006987668,-1.589542425318766,-1.7820577352540803,-1.3287467058666347
-1.4466985771443086,-1.077493591891929,-0.7677489627654398,-1.8109157051679332,-1.281066255559494
2.653331648561527,2.247993449668892,2.3962083765064044,3.397999436118844,2.5237005851533834
0.21450094533433045,0.14000978090482158,-0.22465868455674684,-0.13921455808409922,-1.0396524282957018
0.2871730498289954,-0.9311118821471811,-0.3667664374907791,0.16632349322866957,0.18070619477043023
0.822838742688019,0.8631373881283159,0.5263746840875673,0.7269744248749531,-0.7405177995456647
0.007319279222255393,0.5318922681532161,0.11038715809259328,0.38531053396822557,-0.6145623347108878
0.15459977573883324,-0.11466104358188002,0.2254119527660494,0.3846396951617683,0.3860965427761804
1.356015074389049,1.3573032320131704,1.377310024576366,1.6946674712590826,1.8587457323675542
0.35260201588315987,0.378038213658514,0.8844799056918509,0.9961084845424822,1.7136609432909233
2.4467462752603706,2.2675533942682025,2.46626963545751,2.9149566632854165,2.672717454245068
-1.5978011021260148,-1.2489156861840702,-1.5193235900554525,-1.9696702119018903,-1.9797361742657522
0.8287139587496476,0.5062849894508773,0.47566157682900506,0.48957536826382336,-0.32709936213859775
0.1740402043749062,-0.2691253452828319,-0.4081513417172954,0.009477421982118523,-0.5314989898871916
-0.9443071816005669,-0.4719101126700221,-0.9817899031070384,-0.9506011471251334,-1.1261345968878607
0.8521857938078957,0.5282013181561673,0.7687339907301353,0.46547497541709887,0.4563793019814642
-0.6249622522250511,-0.8675599802281624,-0.7360680065626922,-0.40799271178631735,0.7011592421251447
0.23834904963744943,0.21771086037933243,0.26675838515394806,0.4985307402075773,1.3394223984737528
0.2287220544929137,0.5701649332291564,-0.09654994134806492,0.024431173183321154,-1.3796752522801927
0.6248360558963101,0.8728520923461482,0.7397638627278496,0.17341912443313984,-0.47869313829802623
-0.19345169365638298,-0.4245143323447257,-0.13673012286177708,-0.03712415872983153,0.4264058909929011
-0.9663684687868228,-0.15434798168963051,-0.8747875267240635,-0.7111221808136272,-0.558067297113675
-0.7525540831877935,-1.14692379162925,-0.7418809884965538,-0.4554238609150652,-0.40377769836238375
0.9981113636755239,0.6208892180580469,0.6087837499777387,0.8245467906549591,0.6470399135570808
1.1554009939158791,0.5420202926486185,0.610619028089316,1.1337630425699539,-0.14229734878384895
0.14543270938000102,0.01896313509150473,0.10703549701321906,0.6056287409133717,0.7688815344491494
0.045676430542714586,0.5668335676401797,0.3191524216151235,-0.19637132352448994,-0.6397336007413563
-0.7862423564639243,-1.3722597760258668,-0.9349355515066229,-0.5569817930281361,0.5062525117288506
-1.0522112458341368,-0.7973305640928637,-0.7532995992571514,-1.2161769526389,-1.018436278696735
0.24886410553848295,0.6766158942035452,0.4846432533072395,0.4003377923252179,0.4963951266798371
-0.5968129373934229,-0.3763020096918671,-0.8244357180061657,-0.977783804977161,-0.653036639034476
0.16794361399032584,0.9260993910189418,0.6417437390770535,0.3632987863210455,1.0210736730037517
0.10510182040291292,0.27633195283515616,0.05463880906616192,0.04336120419944491,-0.25903953804831903
