1.4597989028522367,2.7055024667532637,-2.0351989958694783,-1.9860408686031186,-1.2246302104456783
0.6696268450721479,0.828602577002976,-0.2573347716358292,-1.2519977661945974,-0.5603925511671582
0.24637088059123938,-0.9050371675079814,-1.0636562402477905,0.34586421217615615,0.08925798337483908
-0.18338762310855342,0.44603790744926675,-0.20634308572129778,0.3608441352870701,0.021153351660834357
-0.6336754072204479,0.0032583578995754774,0.6065565574081005,0.2403411370654179,-0.6459952158877604
-2.276647869103727,-1.7038935015236678,2.910851405935316,2.312687687961661,1.0981607290093107
1.1032249456857106,0.3871721731202457,-1.6293672585866217,-0.6393406620220392,-0.5264691251517248
-0.0869220820506772,-0.5147651349751975,0.37266904009279056,-0.18683844684189807,0.9350888208611662
1.5279496129860592,-0.8065405446888655,-0.2649189359170126,0.11715064879339983,-0.9343743131417835
-0.6432204341487923,1.6380789219455614,0.5670858735664434,1.6129360579489596,1.358282632395889
-1.5101555475610113,1.2107217662382868,1.0825744307103746,0.4075217014563218,1.0680989763992568
0.5072115338070666,1.4082673922654252,-1.0365735454021137,-0.5318941211360139,-1.1044559006528858
-1.1855969382657399,-1.0814169312173598,1.7393764511500787,1.5620595468388558,1.831749106544517
-0.9561300939131155,-0.7457308975162767,0.823243952321787,0.8624046115517573,-0.0790397890098751
0.4764843119529783,0.7661527026840905,0.13097643047919302,0.36303844562225634,0.797023370711857
-1.7210084062875441,-0.06400908689991901,1.0135623152587379,1.2753687752764553,0.25736976488038643
0.9083685989663888,-1.0851523729849162,-0.7059205369179093,-0.9381390349076743,-1.2542535436759712
1.467731568072175,0.6955032393765991,-1.8617296704212296,-1.4038227224720705,-1.6702744863502976
-0.3133790483489692,-1.8147866437927813,0.13544204034308588,-0.5115998471407835,-1.1996021682192772
1.230623573877191,-0.5352300575602909,-0.35529660100580557,-1.3030560240873728,-0.7265293549515928
0.7024923247228245,-0.16351641668772549,-1.3891493831812214,-1.180910307704704,-0.42851000365024433
0.5157422741903087,-0.8434801063782573,0.3333975909874169,-0.48593490081960694,0.1426287745445436
0.8676805827929275,0.3630609902088566,-0.8732833983147408,-1.6386344900228202,-1.4325523045487267
-0.2830138203780157,-0.5000176273539527,-0.028184190754829717,0.41200402651699275,-0.4640675690712646
0.003721245172155851,-0.38400601345058055,0.016778254962468465,0.18390026174247848,-0.4168988452145414
-2.1172526749013976,-3.1721127881157054,2.4026855002464647,2.4000299321635774,1.5340146622184538
-1.4393322692237345,-1.6524824448715745,1.7071207200017937,0.3252652880813143,0.9434415045906883
0.4398673501381465,-0.6344875894484442,-1.4243922662163795,-0.9534029665689407,-1.0657488918152114
-0.6786526660041174,-0.05952141463759442,1.769931475961847,1.7132439512740738,1.7132609848109224
-1.2256604474929707,1.319161474697038,0.6126918262949335,0.9268163600082652,0.3657103542441278
0.5129565561860849,1.1400569181619817,-0.9783888891111637,-1.6938407220517788,-1.0569012319361677
2.083482551817892,0.07360699097256156,-1.8356912090668125,-2.0390764879173067,-0.6591187221292886
-1.0115993109844508,-0.39777198266801217,1.4069494097239845,1.0020512877395713,1.8015370871149436
-1.284299790528503,-1.1247619124148571,1.9933986686480196,1.359917418331154,0.8602158031647736
0.39735397769468395,1.0342501776024686,-1.0796377587849209,-0.10185496413262514,-0.8715317511553691
1.8677880498256598,0.3690433599476389,-0.6038776654179252,-0.6762797007767707,-0.9726528650810118
-0.46815107055504496,-0.9051072751697722,-0.287222113860034,0.5964314946021996,-0.4475079419919547
0.09440817213860393,-0.02356574641659943,0.41928764336088464,0.06319261929853298,0.2149820357341316
0.8272587484845894,0.976304988548786,-0.2269128535573776,0.5525918342682049,0.6777078839768629
-0.7267986430521142,-0.5137267845885914,1.2379796453380734,1.4395038866046297,2.3741696240546544
-0.8357126879473584,0.15699208926324867,-0.268691835607611,-0.4153208941128552,-0.10162346150895224
0.30806011082622897,1.6693334442266936,-0.6474030124726384,1.0496134072371248,0.2365585058116429
-1.8659791728874828,-2.135997871039794,1.945977156933261,1.5573533705991343,0.4383906781134717
1.1167863822852617,-1.3087539084444897,-1.0541971316168375,0.5728477872938406,-0.8262678407874926
0.25766539318561277,0.4503834402065096,-1.0971607074259835,-1.0890460931734134,-1.16656990435598
-0.7729375971141557,-1.8761183281580736,1.1074998461428665,0.23884759417073634,0.9418240105344617
0.1033534961118213,-0.040203963820795885,-0.7182160341464092,-0.39431454136759386,-1.2371973977898942
1.363994221267418,-2.253265162790851,-1.101874094638624,-0.7907820282052593,-0.36347561108573934
0.051866211245499026,-1.9190499273704893,1.028046329201666,0.04772826512436635,0.9506531074787299
-0.3018421945069233,-1.9954794954865744,0.3417095799435612,0.7898539215356548,-1.2304388760945353
0.3860814190141107,-0.08665617402423867,-0.9962178783777395,-1.6235717114701544,-1.6451774694683965
-0.9698202308266465,-0.14630930234958237,1.3436511770640804,1.0749383299235316,1.4923167589071207
-0.9227345498494464,0.3011849484029808,0.20677722830153625,0.5587611213790453,0.05747090279695454
-1.3813658055930182,-0.3142753346153838,1.021588442054777,1.023495388035446,0.3657169282446157
0.2970117217030662,0.16959269460035206,0.10610768623942518,0.15420224408504832,0.5587447060047193
-1.9668089910859305,-0.5480401651866741,1.2403955133313498,1.3126147487431061,1.2611946570362367
-0.271234114510755,-0.8748585229052864,0.16437148251470945,0.6013290833866347,0.7237247934204766
0.9565091652827633,0.21129357920386221,-0.43115168979031754,-1.6688939282438078,-0.8348547343701446
-0.3468622592224005,0.2131211238500101,-0.4235093157451387,-0.15748381140282974,-1.1664922086293636
-0.17010471249825934,-0.720820895144878,0.04953054235461099,-0.9567260658881744,-0.2144129501467733
0.33137100178323436,-0.541100696482405,0.4029772036991197,-0.5870932701621597,-0.014900201194193377
-0.001311227826908406,0.34601313681646184,1.3349327799378448,0.9263028430925411,1.7301156551123027
0.6129131883902815,0.11503343693845486,-0.981955038611806,-1.0073248026992476,-0.18826361925713914
-0.3046192688030523,0.32923356351553396,0.1340399627531349,1.5774653388097273,0.9776743133347475
-1.5120090303076965,0.24952413763857587,1.5047115621833531,0.6872144892080598,0.44656097523070826
1.0336873584101491,1.2116111658337856,-1.4669130788665714,-0.4400136325053778,-0.6426130345965025
-2.0379647730402493,-1.4246125705505415,2.358401971680393,1.4616715004014145,1.7741178770715793
0.2217007629921055,-1.89624199920076,-0.10614036199269936,0.3224317422720124,0.051491813621145036
0.010085120718364734,0.7479219216711716,-0.7284638686522251,-0.8255177954603458,0.38271742056343083
0.12151926031362989,-2.6433776762438335,0.8866219182170091,-0.6229764947885457,0.4862383484612032
-0.06551450715522221,-0.2917582428983191,-1.038532980431187,-0.47141880613796705,-1.4307487563395866
-0.6325289673590727,-0.8308413838294502,0.29706119166934103,0.16777488032070836,-1.427081712843073
0.2779104278446902,-0.5382249753576637,0.16516910170021595,-0.9973193968692152,0.29085959465383443
1.2169466130702367,-0.4631532227085248,-0.9430488883325371,-0.025369646232150798,0.08494151479378143
0.020900874504086037,-0.7492389098165283,0.9810122599444727,-0.07622326420003905,0.25458496499880845
-0.8475686988621499,-1.4611092886551207,1.107962978797477,0.47709668379426695,-0.049216672948988495
0.47068585953801306,2.6367221439867516,0.3862187377666192,0.7846207285814262,3.251387577764977
-1.8162525792344297,-0.7004986743878702,1.0300267242593122,0.41506757478289347,0.2597746547525589
0.1974275084644146,1.1491818972609495,-1.1264489540563813,-0.3392128974585396,-1.056852892268559
0.10755457903781028,-0.4493353179997583,0.5349372389349303,0.14624046584856482,0.4833448797607655
-0.6678528537974207,-0.7643253337774973,0.5106545954854831,0.33675830395369205,0.8276640776958227
0.18498230466138957,0.014765645154235616,0.6029699381160248,-0.16721920926405726,-0.5123393275091206
-1.4543198875962369,-0.24073535748476985,2.800531201766358,1.6384176002918727,2.185694321014625
-0.5303099494993876,-1.380442354644248,0.7320762391163602,-0.5369837822784639,0.18873428468957604
0.7686185090569151,1.1062936140437487,-1.0921536424771874,-1.8765295473431134,-0.7569451131579062
0.32514924437671133,-0.6035575417197369,-0.047551340773266705,-0.2564708803352704,-0.23522675646214672
-1.2730976605869353,0.32373073231473576,0.7386624346116974,0.9040874682122567,-0.6119121191251921
-0.9555769994562783,-0.07357717181199946,0.2750384391657452,0.448553353146624,0.020540948426096214
1.7652333737631662,1.1729602890442168,-0.8334282282672822,-0.18149213368819897,0.48378404739817815
-0.8254353961806388,-2.2482340919693784,0.36506188334721557,0.06435244661222889,-0.5044747230622962
0.9874078831478145,1.670574017878285,-0.9418471720789711,0.10145308492800052,0.3872909532405197
-0.9146304184232048,0.10312138307336408,1.3622320841742752,1.119935936382261,0.9649906620823017
0.8898549726466715,0.798738998059958,-0.44065868538465236,-2.1331248516118024,0.14520185842528607
1.333222973919855,0.2176214844433083,-0.9122999015582735,-0.6987558324815679,-0.0035190581004288326
-0.698471942807451,0.13423975925037446,1.1344973990608254,0.3792237416302333,-0.23510232688110574
0.7762837036067979,-0.20067126261364135,0.5486782550350117,-0.3381931918544235,1.4626499970673856
0.2628002771790453,0.35505021164639455,-0.9144788122038987,-1.6390347978546596,-1.2919516721254434
-0.09494008894490825,0.6869921730243651,0.4876976142910607,0.49215474035549256,-0.13804972351831796
-0.16200811100349505,-1.4230606531213215,0.4459841707788659,-0.08705780219709856,-0.514255952848242
0.7767730188763619,0.6342542436777171,-0.6528263354330361,-0.21479940829969302,0.83287037508484
0.9251242909833083,0.6360252451791562,-1.052185463743479,1.1001530333887892,-0.9711450739852239
0.8101543186455241,1.0547415415018808,-1.217833794590746,-0.09558925281420742,0.6747048617437056
-1.4079800701075433,0.27827730059998657,0.9313707370610625,1.6627055940746542,0.2691769641969045
-0.8388604358971324,-0.8763308316235208,2.0042911320268555,0.9134435755724803,1.5466518620107856
-0.22641783808338264,-0.6025206998253951,-0.15617740692880933,-0.8206284963417453,0.4008321506517617
-0.27950669571563663,-1.2097513171134269,-0.0045164209190322,0.12177228837221094,-0.6660917824722535
-0.5894627336275033,-1.9431985273194528,0.20792929889281667,1.0388232706619416,-0.18104221976405582
-0.39213647556527675,-0.46812310640680876,0.2535764201889669,-0.009581902849600045,-0.40306690772766157
-2.423996024998397,-0.8723520572469998,1.6229441907318392,3.088795446473409,0.7537381327187064
0.3331418862075749,-0.8746969181829366,0.7197772846047202,0.2741372169569656,0.3194368098385481
-0.23766233817707413,-0.9622845196631065,-0.621121916851806,-0.8640440955110821,-1.2385174874858336
-0.44128268247447994,-0.11801539977884977,-0.7502186624390953,-0.3715973158596899,-1.2499049024926685
-1.3823481612658453,-0.43642900512259064,1.5847993495525414,1.035214065319849,0.5071866491514359
-1.260043118457631,0.09057729540539548,0.7051897316838036,0.9036968637774013,-0.13309694317310816
1.549339281086485,1.3844441431296968,-1.2952879648713058,-0.7877906504308845,-1.327552308153959
-1.167047322336053,-1.4902957220469493,1.2001380143297007,1.1397291671896272,0.6852426633543871
0.5359020297133769,-0.8786378986832251,-0.43886211466975594,-1.0481947645350416,-1.234479667208544
1.2965547956929269,0.523712459746056,-1.1167932921926982,-1.4610431824730572,0.4415734689641177
0.5833985231748989,1.2792141023955392,-0.48194883875633976,-0.6221433951400409,-0.3839846241690615
1.4407312198946742,0.8586431388361891,-0.9586285713848628,-1.329662628861943,-1.3413825366176715
1.9096797932779965,0.7333514053232875,-1.5053291930407033,-1.5058146208667427,0.6754511265434014
-0.035885312837854656,0.4833796369103445,0.005810990620584292,0.4212846640313599,-0.09888386676693323
-1.36118368749106,-0.6062447683582091,1.0334669842491873,1.1128909221551069,0.9025896838394902
-0.3782505438041953,-1.2349813733026496,0.628081737545823,-0.6241497969598814,0.6750860570250454
1.6474994554371971,0.36958327895136805,-1.4525360545987627,-0.912582681703747,-0.5734445628660371
1.0348805073391176,0.9734913662249179,-0.31971547947800694,-0.38123348865954376,0.618354238904557
2.2978843001782425,1.632246579568839,-1.2404562044092444,-0.8880311993651844,-0.042820143247653354
-1.94588580477084,-0.5375917529285278,0.9062458075355816,1.4208670937554622,0.21282199433277468
0.6095659027014178,-0.9219888474303153,-1.1861076943105338,-0.7011668883304177,-1.2694098177372506
2.073835222644225,-0.4876482769523792,-2.1828030860604386,-1.025168437963576,-2.010419372100146
0.4629576750209746,-0.10729242380761542,-0.841380473234332,-0.9945787220968826,-0.8005260438809234
-1.6357476106514517,-0.5935689341338815,0.8647338657730647,0.2808328652337177,-1.7319036843687288
-1.2071975275319704,-2.1150406697598823,0.9162750832314647,1.1252950149721919,-0.3982515207974407
1.3160598053145844,0.38553027109755555,-0.13077743292428576,-0.6906957852825326,0.6984252196690396
0.9821027202370813,0.10515172663436859,-0.8512841463233066,-0.7863540932083342,0.4048337047185811
-1.7947518826996072,0.062284056534466045,1.1277148653641857,0.9657650945628964,0.4404653146105381
0.44122469372744194,-1.0161378577337454,-0.21721559917721522,-0.5214175814689915,0.1503112772111142
-1.0699483160896028,1.2319455132375892,-0.4079452156171796,0.08217692849281706,-0.36066127012779314
1.3275144418687652,0.8869944152856164,-0.8181463083517017,0.08574384462460442,0.5900922696686082
-1.3867730702192813,-0.1586197893669902,0.9697225854111159,1.7236528428949343,0.8705598039469983
-0.589467732215772,-0.5485083316462921,0.24805793344722413,0.6081344230078227,-0.1118201490593545
-0.0248445843360204,-0.3862775525394151,-0.001685923622108732,-0.5122043875753238,0.5777902559721318
1.071369147619357,-0.840155604183045,-0.5671686524826756,-1.025100958606137,-0.05553680922294718
-0.4200992577437996,0.04115972219746497,0.5938847217494653,0.58816292485939,1.573843453029707
-1.8504672141942546,-1.185358172997182,1.9331273540309029,2.123452042470781,0.49320757910059815
-0.7052847061880931,-0.18896136719604345,0.2395937032288483,0.005537071706805428,-0.7091163928924346
-0.6432581485679189,-0.5415194901385684,0.622509891234026,0.526005503782023,0.6246464585689354
-0.33933815008461643,-0.65699345596279,0.7266809237174874,0.539605979228115,-0.13874661626422538
-0.7536627353392837,1.0673803400980537,0.507581357305135,-0.12217835904798424,0.8466758700734952
0.8124635751682998,0.8488394247686274,-1.8123310059650168,-1.0366899799279659,-1.1200058665028472
-0.10381662133039667,-1.6905792795010546,0.18386400522236288,1.3906459678076335,0.36079933028002936
-1.0060231230502172,-2.316134136145482,1.5257454079570065,0.7627763105465509,-0.14096641473260574
-0.6979726788663965,1.1892043405818389,1.3373145867442657,0.690178291160993,0.5608878446256164
-1.8070598780664382,-0.8520618083400142,0.8532570756442913,0.9344232508799416,0.45911953799462424
1.0346291377510106,1.225635574020902,-0.28631492539944015,-0.36530407321459074,1.143070042202173
-0.6669880652425292,-0.11062536036096438,0.9500689443428781,1.5341224668516713,1.072527324458394
0.8479077148434948,0.15808567326322479,-0.04119781498827781,-0.2001039417745919,0.1812600738647425
0.40133140457250904,0.7421821633666396,0.9240036917541903,-0.5381019179380271,1.1139734913429213
0.547046492001448,0.03489469423481936,0.16852798359974944,-0.27846976684064806,1.2362025422326788
0.2948488936956111,0.24169879582439083,-0.5573276991994237,0.9262083233548224,-0.38472429052593754
-1.3436022790193016,0.11119871410265196,1.1284401213418014,1.5133081383793383,1.5950189442545535
-0.02570790942331118,-0.7618389036775637,0.14028857578766002,-0.5864258803186825,-0.28963092655075273
2.3704842606583094,1.318465341343425,-2.635052375307461,-2.264740387806227,-0.6195600504177838
-0.9274995589229599,-1.115393654113063,1.4900254568472704,0.28398808706772427,1.0647740553260736
-0.9353979165679583,-0.3217958974202343,0.41153796839216356,0.3215730015685929,-0.6226457719297
0.5184472512205152,1.3299853231074281,-0.6997754448328886,-0.3767624317662371,-0.6885386779484279
-0.5411109453919206,0.9698248392722197,0.38379926314991436,0.6506657933082667,0.7453433576433873
0.9540774695836681,1.945271443775247,-1.4209352121858627,-0.4533647406134605,-1.9425789310442534
-1.2667702302635508,-0.6648715390510886,1.11289991879532,1.271754596250198,0.8533622249663578
-0.08979382136001923,1.333107558576734,1.0853013071812032,0.23117110409392838,2.644071572858687
-0.33519769493963697,0.2668048841889106,0.6648947143114202,-0.22030750139957359,0.9845330356389077
-0.30171289507293036,-0.8342242263761537,0.018366790189310173,0.6094513427388045,-0.16286289718841535
-1.0506733343360595,-0.5053128547509602,0.9884172577112103,1.792889212760295,1.3008681378613938
-0.28128123279944695,0.5874635688385866,-0.062294151215809695,-0.4620138697128581,-0.6870268198042886
-0.25033860798284086,0.700889035112945,0.4753553434099096,0.49599818002191715,0.6802121825287545
0.11552026357404502,2.4038517743289107,-1.1512492048027205,-1.3879176906905657,-0.6910851050063642
1.2631097181163602,1.2176034370562558,-1.9988499446081744,-0.8026324128684886,-1.4773757807140666
-0.7239031412090687,-0.4353415000229971,0.6821787816057923,0.6616938492696497,0.504038953343123
-0.499626956074523,-0.9389356316640299,-0.28460744518745057,0.16578632142500452,0.4499759790053814
1.5568024740080602,-0.27798498658387333,-1.0917290725202529,-1.0845648109226065,-0.6400257048994755
-0.24234883583198283,-0.3690373877632299,0.008282310599502539,-0.9947649095487295,-0.3958607424435034
-1.1836797417296279,-1.429182887280486,0.34062153276302143,1.0273065559773193,-0.8497984716421343
-0.8650670893776903,-0.06822209808671029,1.1080750256681011,1.1705356479357705,0.9023308641580083
-1.7460221920653491,-1.4512266950172634,1.6422852285799212,1.049603298465009,0.46363005669587204
-0.47715459669043897,1.4898578873002541,-0.027557018193898133,-0.9519979008814318,-0.8201865248118497
-0.736604110697735,-0.6650804489611478,-0.0748686596919135,-0.15837219117829443,0.4018957197977202
-1.9978734885946634,0.6812866438168356,0.5463509217312372,-0.293659228066114,0.8504829605528683
-0.7899204760422597,-1.0658212810065624,0.22960200152628585,0.36097186622076405,0.6293093297802148
-0.3039305214715437,-0.38656147167490046,0.46582032931907874,1.330474313721589,0.7161495373296481
-0.3032165512340068,0.2894610923987091,0.3002299159747667,-0.5012220736167844,-0.10651024114603266
2.5139841551190325,1.5454627874072597,-3.460549643825738,-2.3095135439322574,-3.0551129253040217
0.5264231448093932,0.782329158005841,-0.6184856859754387,-0.43361936190452355,-0.4586005350940754
0.27516628460871023,0.33254379314479143,0.311430212945089,0.27469089573315314,0.4206285366452436
1.242124452028018,0.43889488241934727,-1.5743846012142544,-0.7031001285281392,-0.11869597012247471
0.5468435320978379,-0.13530318204307967,0.190835638786243,-0.26771628877493053,0.15564590332580025
0.5675363038558064,-0.016160038011794373,-0.8116918765432817,-1.6755229382131032,-0.8882471020544779
-0.31683546519364675,0.16857147717910714,0.48727861028481423,-1.0174717273803986,0.20674301864441108
0.6546740654812785,-0.018939690205077152,-0.8504915811910346,-1.4599417067365643,-0.7138607152370043
1.2450445287119618,2.0428325080842304,-0.8098685633302056,-0.8363598802448599,0.5935172510869572
-0.1905399243799499,0.6004605896278336,-0.17898166388492265,-1.3515439473596595,-1.5411793324148364
0.06433936425933261,-0.8865926353940276,0.1376040381468539,0.19014099103985635,0.22051952452710535
0.5429633963978695,0.30663105262657514,-0.07858490774852357,-0.814337368446515,-0.5080480095119349
0.874052982650609,-0.3788853560177286,-0.24595332038741027,-0.6691375375864882,-0.9307186707360344
-0.550194730045391,0.3101690894107696,-0.2745521251523146,1.2886552441637327,-0.09830023815478912
0.7361012452171558,-0.4346496949074923,-0.07651144311449466,0.22553169709599172,1.6207196010690494
-0.8280842193763879,-1.735817619835091,0.1741178805970371,0.23951631830357084,-0.495113790023338
-0.20965748527634331,1.144205151075753,0.5844458178855179,0.909284766485325,-0.3611731823121875
-0.8100079100737657,0.19078977917470497,0.07366492696517159,1.0593110521949236,-0.44270534012790097
0.5716246409146571,-0.9562376403948257,-0.18204850762806823,0.3775147521668497,0.15879683467372
2.654227734457907,2.039242599870933,-2.729745785574208,-2.2862880095831897,-1.1497597448488395
0.08451986425678176,0.29725453396560386,-0.3290316432329941,-0.24271900133605365,-0.21658532997753924
-0.5162983925590577,0.3486432688517166,0.49554705863524806,-0.3337400268533656,0.47443909771167286
-1.3500371038498287,0.8758029012939187,1.2075152480128082,0.47859473771465083,0.3370111167542
0.12847077481348962,-0.5919930061747671,-0.849198662591045,-0.3199901502198031,-1.0634454699936653
0.27469347982801107,0.14410510587815636,-1.0995932865829363,-0.5091934652282123,0.012879376101046634
-2.228821783973656,-2.0900630512661267,2.6172499607575808,1.301268878946512,2.118319983433713
-1.054019012710336,0.46206682158069123,0.8592904287721537,0.9110205563222636,1.1944471676500994
0.9352793148799514,1.3745575864177464,-1.4845649854970386,-1.5408988353185948,-0.8340058266183854
0.8375555097038371,0.7805996874085128,-1.5876922632672061,-0.7644807697784215,-0.03843003565033783
-0.6600866241627454,-0.6227116961594926,0.783799545814204,0.7556174874124469,0.32423184848811637
-1.4650913790590823,-1.0245415310786976,0.8918608864142324,0.7997893529171548,0.2514964578248244
1.4513440781292746,0.5770009678415964,-1.1951659973112223,-1.1329569489250837,-1.0199118492335173
1.3583630075862672,0.029484794735051462,-0.4124519886210666,0.4274603328653988,-0.2444876631181584
-0.41157054829673667,-0.5700004230077997,0.04702360157773069,0.02549105477116773,-0.6419354082417833
-0.6854091229781901,-0.21710636099893688,-0.763491338378288,-0.10427724288718884,-1.5267161870107713
-0.29906542272464653,-0.44758812788563485,1.6532918636769838,0.3320687283430213,1.113142747467875
-0.028156131453096995,0.5065452785651017,0.019262745683131393,0.2434887906183008,0.34529194810269953
1.2926977824748018,0.6251571577888075,-1.5932901371139176,-1.2815064624042207,-0.9766549811850616
-1.2611272185223104,-0.4813394533287554,2.0880082504331923,1.097270919562402,1.9415511802735363
0.5456664350135851,-0.4229530248237041,-0.20063574922948213,-0.9917100633803123,0.05476252672922701
-0.29000543066888534,0.9757359207776166,0.3252316179555344,0.3321275578846039,0.6437429116937707
0.5115478707755057,-1.2068040922568155,-0.7829963208982477,-0.36939735346929325,-0.8549831632141683
0.7380695325582913,-0.23120431209288242,0.7613809865618263,0.10581545292394827,0.9264895793723676
0.2158543010093473,0.8037765564079322,-0.7501094546912248,-0.1133313669921186,-0.5804488371021632
1.2658363675498274,-0.004242695861524559,-1.6773758580591773,-1.1032085555190958,-1.025161088238495
0.13158352194973005,-0.9763415280624506,0.9095892836276853,-0.38004516636318836,-0.0004879317929150364
-0.9789967591141182,-0.5771338870311854,1.0001055703549024,1.1213069510844318,1.2855949237968787
0.22783954963354797,0.05572040412460287,0.03348000520813266,-0.27388853986001727,0.0018819891605827564
0.8406618666195412,0.44246650793289777,-0.9622253793437611,-1.39552586423366,-0.19632433328376572
-1.2370025989132216,0.3551188033763704,1.2041769564759814,2.6917298596429005,0.7728041064346283
-0.9275591392306296,-0.4535940049364725,1.306294955931725,0.5450536142597278,0.0862388119414667
1.563067592054133,0.24300563253036525,-1.1253565637176313,-2.113421768353142,-1.5348175848265673
0.46267470400790733,0.3083320905535897,-0.6383690593564227,-1.4483411376481128,-0.3276496158132319
1.1109914123993814,1.0123869398764078,-1.8261817048461961,0.2798879445223137,-0.8117307856729072
-1.09133433618092,-1.140832896959842,0.7893675315189396,1.3625188760278255,0.8850506296375577
0.19778468438258937,-1.1887881616876739,-0.42357180372411507,0.10770169785497927,-0.4671109626292503
0.19178819092730673,0.9100468647606877,-0.709560028462008,0.049037574650531705,-1.246508428561445
-0.05210486110047656,0.8857539248929822,0.8524581712876185,0.4888299510065444,0.19970056495621988
1.4918020737103312,0.4675909272390437,-1.0908154000147583,-2.360632878518152,-0.18702419056128577
0.565141918549484,0.7899940629391251,-0.5634786595720306,-0.2351276022790269,0.8563171941209617
-0.9574851360651842,0.05008333722596922,-0.4622239369523064,0.8626440615691997,-1.1053721785903412
1.1079013052891795,1.3749119061050303,0.1345143272557747,-1.0230868852763053,0.5580733330227015
0.1077206668802795,-0.3514758403472744,-0.13697266180650447,-0.5523132169696519,0.3436137318426643
-0.9140241931715509,0.1611287704241079,0.8633866221603551,0.1674982437596665,1.70196082143648
-1.1250777197771815,-0.2745736335006616,0.8741914346614298,1.5798415214390067,1.0574682006415907
0.007601677595965666,0.9666755742456891,-0.08283300792579291,-0.501202348960721,-0.8824541985086611
0.43664531177424404,1.2217433496995436,-0.3850593477624312,-1.3381680736578232,-0.6103897365362224
-1.2163976840040092,-1.467866499863572,0.542293881253346,0.07509117602964926,-0.7209068888296607
-1.0696548876214385,0.2494678165777871,1.07884886868594,1.1086914757813051,0.8291024578691434
2.1189024535170677,0.6224890936219387,-1.3315050219949662,-0.2851929102427399,-0.1614778244704353
1.143687228963461,1.5287881212522856,-0.5473150357225796,0.3539839284069395,-0.33697080934753243
-1.3413479621064195,1.2936079842387511,0.7540501804315548,0.3533957699889837,0.6285707077871985
1.52405137274705,1.8552669409961395,-1.2264755118935549,-1.396756235022184,-1.103206232834624
-3.0046106935196257,-2.4667627259785037,3.042016260086505,2.31481758545746,0.6085481318467209
0.8043819463352517,1.6518315406242792,-1.0491097728639533,-0.6673912996955967,-0.11843336608505793
0.9654051634541735,1.1099020218309914,-1.3410067380306476,-0.0622112902851106,-0.5315548475973167
1.3522232492411894,0.8701576315228627,-1.1586287196621434,-1.4798979511928843,-0.9843120654741283
0.7867914927283685,0.8385463739026251,0.06199422620837544,-0.9587818931420905,1.8266218954116935
-1.5333635347809258,-2.5632562913272516,0.8252728096448889,0.7349987386574255,0.8272092004514046
-0.5561804250268315,-1.0331954524540379,0.6763814382783448,1.6700053275923958,0.4695455513200185
-0.22771871312018932,-0.688937007615511,-0.203079812863997,0.0607438419838859,0.21298483668494
-0.827328652604141,-0.15010296115688318,-0.18051147996097985,0.016618983112188714,-1.341408269862347
-1.067450879996215,-0.2646103086735234,2.1216952255138026,2.101555920954856,1.9835474336638346
2.0365723784077616,0.9956836064267957,-1.3884935271570944,-0.9294565600760047,-1.2751644123211336
-0.8821758082909109,-0.6378884590850498,0.2058118688060952,0.6373118860668742,-0.4696946684174209
2.360827029653272,1.508151939497199,-1.4520801245852604,-1.5545133978601096,0.23408951312547796
-0.5086750747967701,1.9558822085081065,-0.11105102144683163,0.09115034288770181,0.3067575637787804
0.9934579177172815,0.8327228110409216,0.019752478993441777,0.22948209401046402,0.7612220091557211
-1.1888922065837286,-0.3687101805312462,0.45247304487393897,0.5999733260459265,-0.4514668794668044
0.12887166264236985,-0.9431339080149839,-0.7419021803393164,-1.4360692452021984,-0.9546769725990194
-0.4256642151399313,-0.920463677100465,-0.08061120017393118,0.7241517832865626,0.5250723699534504
0.4986593046421866,0.6322206057493801,-0.6150373821105142,-0.5616845838090339,-0.5165032536473939
0.638852577593779,1.2778293785906547,0.8663280552407242,-0.6915497163937016,1.1755401490101336
-0.34048081148450543,-0.0031762715026346605,1.1728871154246505,0.21881515144752303,1.1337389672106342
-0.08374666558005414,1.788472053465051,0.6487435207050127,-0.6620964216294736,0.6668846737383854
0.15779214256877597,-0.517493157157513,0.34494521961955327,0.4136594263679156,0.5854073835897138
0.23634214871972262,0.22209350657505542,-0.5404232391089164,-0.8421277977287815,-0.19191937819270155
0.21151019370285853,-1.2171353185037614,0.5531553525577101,-0.18591805637135309,-0.7511686940426174
-0.7692019293749514,-1.5783093546638454,1.799067987016863,1.1661245408080378,1.1674092536517455
0.2460640729442446,2.1007751908420995,0.08713776498133154,0.02370643545342393,1.1459548285900933
0.9184608907850009,-0.5787262521294813,-0.42530745632652295,-0.7422131965525663,0.19191940929720006
0.6740520361520724,-0.9600789447716582,-0.17007461316284303,-0.05030284580543046,-1.799004739333972
-0.8829288402901753,-0.5093031526514843,0.4848193239035102,0.8320803718931995,-0.24010544306817513
1.2156850073353886,1.8935818482198448,-1.9010595539238768,-0.9676966379971209,-1.2431208451490792
0.8507267249331142,2.0213436563042078,-1.3342925037341777,-0.6528634243216531,-0.808450050605801
-0.8685723072241988,-0.8094395568054243,0.845456241467845,1.7860166593173517,1.4457949542612842
-2.3768890226154595,-0.020801939627428313,1.500047253557802,0.6928859729191428,-0.028455917951798863
0.3143599349354552,0.07995758264304839,-0.6013996769844606,-0.18461024000409285,-0.17873833524130095
-0.31447024234422893,0.9209416356231226,-0.19793719831564663,-0.19887335070525847,-0.4500649377483756
-0.9122355532707445,-0.1567906340881837,1.4053343170233954,0.2538193011470709,1.169612667878925
0.7120928685430845,1.2607543543483486,-2.1974883012711697,-1.431874127562083,-2.769217618384125
-0.7900342631514239,-0.596302489944544,1.021957336118222,0.46068133584341886,-0.12298100827707899
0.5816047074789311,-0.19146378725641833,-0.49983648739559433,-1.255330346815474,0.018462457141103096
1.7769014569928878,1.45452613957597,-2.4529834278555875,-2.6770531228627856,-2.046492676219026
-0.7116677578383876,-0.06737518592241404,-0.30582220177096336,-0.23664281694737085,-0.8143714546692069
-0.29283389571929197,-0.662343907320532,0.17618889166384505,-0.5123699105166996,-1.3375818232927825
0.40790002885666526,0.5556484195542075,-1.0024392414574468,-0.5260918034115374,-1.7100839628544275
0.6514773528726687,-0.11660760772051425,-1.0307836575010585,-1.3814830144978454,-0.6510697684090216
0.7927398560711499,0.6760458269515616,-0.5970842818971168,-0.4548677899818747,-0.12603967631242166
1.245758670007845,0.4292093989426106,-1.4337019925241614,-0.34397330046470287,-0.9594163296428073
-0.0662754422152607,-0.18306098503096158,-1.048889992488727,-1.2241429902268735,-0.3533540787366614
0.4784150354230419,0.06828698471046313,-0.6519457462997844,-1.6804907038075072,-1.1858366245301697
0.09053496806746758,1.8278272470936536,-0.6866950230866519,0.4614755775123235,-0.34934415038844524
0.1094659026044835,0.9088677733326215,0.12686596094031904,0.8150707213339037,0.9112853429454065
1.1812745757570902,-0.04377950521148315,-0.45303708340493465,-1.1724433059386548,0.27999538132782353
-0.12371525299257338,-0.9861506544886887,0.4937876010488883,0.8343616858617304,1.4325918029494928
2.920774947492449,1.7551385579856433,-2.0807387387358913,-3.0188043481151174,-0.34650557326742737
-1.355387761054757,-0.5017087949743767,0.46925210186944233,0.5303970617729088,-0.6263107548978977
-1.5122729621460311,-3.127724985081045,1.0931927778421653,1.0646013720013463,-0.3051218344416985
-1.7783064269632074,0.35544878112807904,0.6909624064425999,1.3077743544098812,0.5802179305605494
-1.74705369164038,-2.1441882228074505,1.3403139679477845,1.1958892410986437,0.8556713817625521
-1.3699175333456886,-1.4157633222110355,1.0869211056014336,0.09295542017083747,-0.008665951319448108
-1.4102909433280477,-0.38402320362985104,1.0729083539455515,0.6192660307182111,1.1145120661461576
0.2929470312208767,1.0481187008321002,0.4813902327063981,-1.266537907121131,1.9218356990158862
0.49804095852976876,-0.15097489571683548,-0.35702861284559617,-0.14292157995149704,-0.5068433923052579
-0.440347589703315,-0.9518108075874807,-0.5317754752302372,-0.39012176841634416,-1.4178181630618885
0.9844316671755857,0.8212523991568622,-0.8287065166501026,-0.8016935424362001,0.24431445504138308
0.1920861175761182,-0.06877186867987164,0.5942082516019598,0.22833927964018774,0.6393664400580923
0.8089537800254051,0.013920221690765398,-1.1127588792287695,-1.2585705162026806,-2.1068880615692627
-0.28589489416245306,-1.2157412075547582,-0.7816879895803233,-1.0479433996546232,-2.077823852216543
-0.38489027293703054,-1.4233295301776223,0.4814017256607428,-0.29588043991240176,-0.656245718703989
0.6227995552619574,-1.2705134408126473,0.801505098157075,0.9897118299851582,1.6034985625619604
-0.3670334565474362,0.21727668672263709,0.6574657825158732,2.252784284482662,1.7980923932194885
-0.475692046843313,0.15208617154845,0.19633408011493472,0.8697147264730254,0.04368957451997073
0.7993638027520494,0.06703199068742939,-0.9027812065610898,-0.39254276245788344,-0.33664016991468765
-2.254215928358535,-2.991002105003553,1.6068117288576844,2.197193875914203,0.8632152656163091
0.5001891785067337,0.17696958018683084,-0.8360417179840645,-1.5667648905440867,-1.076382524454603
0.33936973542505094,-1.4329462713117642,-0.21930558334473008,-0.0020524545700077784,-0.45558181482902316
1.0411471293904708,0.4276143123081679,-0.8909567357315955,-0.8045898188250827,-0.07214139946658941
-1.9608824353529728,-1.4597000570045429,1.036022811766724,0.1766686151903188,0.1840810693802314
0.837623603211911,0.38285721767650605,0.28610486774043326,0.4668674735247497,1.2913318658442319
-0.6365204071540221,-0.6227477719091642,0.7154154409075816,-0.5354981982247442,0.3746523391763659
0.5523656960658466,1.3659799862618596,0.045865974864822155,0.4285969760851961,1.200047104499847
0.9726685497200618,1.0903248070753555,-0.30868716721973816,-0.21563937952286225,0.6577891384380792
-0.03924088655112619,-1.353618557963134,0.5046587399521815,0.621827575303226,0.4458923943359615
0.5042420270293727,0.2746956242892286,-0.4084557928709569,-0.6777385357797598,0.7537853052309555
2.18081510817664,0.6069367059605683,-2.7454343728073143,-3.104718628508696,-2.068232240973995
-0.9524834846551896,-0.8144796781459324,1.0689581485099975,0.20383790710723584,0.2766573249729544
0.677867076000032,0.5054260957397161,-0.7512072206344625,-0.02391814735363196,-0.013851361394420298
0.46410329144009405,1.603756851092145,-0.7106164692192797,-0.7722643620322555,-0.33057283033284424
1.3016621909841704,1.3774808449744582,-1.4698920607329635,-1.6562785960743398,-0.571437885935888
-0.9773042527319807,-1.0957072125862668,1.677637084562702,0.7825194627930318,2.7620782827362196
1.9528442695066202,0.48634018691692177,-2.0860855021888454,-1.8204935939809803,-1.0303977798988575
1.3327385656970006,0.21494876566928514,-1.5344698591903472,-0.8711772422152257,0.27948310276222704
1.3120953567194205,2.7652375925366144,-2.2243425644577757,-1.6470118270708536,-1.6770762572968785
0.5009817552979998,-1.1684038112637165,-0.9029356747106153,-0.5472262343621709,-1.064249106539998
-0.09176675068904443,-0.7903224007927679,0.029674785610363654,-0.687629749898798,0.11746955529055372
0.32644248166324336,0.1736281277995141,-1.0812865223150239,-0.3214269423494208,-0.4489742570266548
1.167107989574636,-0.8686524481557701,-1.1553246306388907,-1.1699991907422613,-1.8547363543305115
0.001045352442105405,-0.15593684327509752,-0.43222417537403823,-0.5368578708027317,0.451262067199839
0.5381726909946709,-0.6698104325048673,-0.6138290295205547,0.39557268456171746,-0.8704063811407503
1.5625000386777186,-0.8838276181277672,-1.3783095690245815,-2.1785967987649872,-0.44378666748757367
-1.1577274049938002,-0.749617562887277,0.6753889439117672,0.13862283730006728,0.6844585250448554
-2.3684975562958965,-0.0005865136610885335,1.320879117625705,1.653043681980769,0.7638598091003195
2.137713071607282,-2.113583580818174,-1.1095035798737412,-0.8392778425560296,-1.4022466483926554
0.10940952998589443,-0.3897447036052214,-1.0421262643354674,-0.635530653192627,-1.573786246359171
1.101457696536573,0.3872001439957276,-1.551484390769023,-2.085557540146074,-1.402770229894016
-0.4677567326272971,0.9690192379365202,0.47295458148671377,1.0864932675848076,1.675447620494582
-0.5942537136601149,-0.9459461407726429,0.6334381248588643,1.3100694072798635,0.5598915691098354
-0.8547020160495733,0.2672011221183782,0.596746285982379,0.7384613601568754,0.6239723536616653
0.12523458043488528,-0.8652101000872446,1.0581370980355724,1.2021629468308035,1.2869785027441485
1.0903191781999237,1.9697531207423757,-1.4974687781007803,-0.9448309736345113,-0.10700387747086355
-2.0647628260995776,0.4827595500900083,2.440219484290569,1.4318857065868567,3.035934470750407
0.8478808526331819,1.4620148880106032,-0.9517917153306518,-0.7336454204678943,-0.28166248185477116
-1.993242120820423,-1.5773647264216408,3.358451301987852,1.1381190557581322,3.0429285287983387
0.6793471229205856,0.1640917471036234,0.37731754206678747,-0.02594617929777524,0.8041277141229882
1.502821001896795,0.6916856882618521,-0.1489016326722553,-1.0697049215856538,-0.4153551643558791
0.2916525845647391,1.640726300951753,-0.769198518494707,-0.18854048164233683,0.016253551666304673
-1.4258922424689673,-0.7035753576632818,-0.09954968576347947,0.4699193314724437,-2.019748051004952
-0.5057648363942236,0.7720715073645759,0.9874953379731513,1.2565367068983118,0.9259955725617456
-0.8087138744256268,0.6152437539748556,0.6087165209511469,0.26644712163538914,0.2221563269965851
-0.6930893532716502,-0.9644091721591863,-0.4084382167846917,0.508561478752802,0.0814846807456911
-1.0802230205292886,0.7938936290583191,1.4786764719150531,2.189407815770327,1.2104233699194633
-1.192320822545024,1.4883989744181083,-0.31288562508764844,-0.2866856463585482,-0.29841009986877465
0.6174258885032435,0.22446496523165524,-1.0108756821337992,-1.2170364070995772,-1.057816630094518
-0.46186563300183164,-1.3895621984168922,0.12464959302868302,0.14714979673791048,-0.28275201792160803
-1.0903710259480601,-1.237971859909619,1.891130121208588,2.510430171781786,1.0451339285378076
0.13380529006080022,-0.33882254323644384,-0.2225364834728366,-0.18310959742918131,-0.8481893910057391
0.20939727128584276,-0.814738638983694,-0.46305325394287683,0.6077957753666944,0.5556948275227096
-2.2153231559188797,-0.21137668734753984,1.5101257423142285,2.276788101470671,0.6370917764727668
-1.610317410067612,-0.7658525575585144,1.104053341376948,1.232359872130129,0.12042180259018703
-2.227477493669235,-0.8013333103184179,1.698350004771056,1.249102218882326,0.5276005221842522
0.9680945641006714,-0.23142712887423686,-1.6290578971680871,-0.3219794467408509,-0.8911304420938596
-1.700659373660989,0.2505609414433414,0.8700141744177695,0.22278550506245096,0.36205662870427996
-0.0898720562775537,0.22338123069189372,-0.5234480517242658,-0.0863221877938258,0.1926400205357633
-0.27471655469703204,-0.1343510737457414,1.63221334597389,0.39169433603627607,1.3105926196452515
-0.5167902272331125,0.727297587144752,0.8482601175451205,0.9271410734986029,0.8567631652374835
0.7549983505152495,1.1762885666186498,-1.3695082101564646,-0.34459844149751817,-1.5764464456028544
-0.03641547853462226,1.6625382274508622,0.759652964272669,0.5187358570863199,2.0392220049565344
2.1876962726221874,2.5968636219427417,-1.4602650682594014,-0.6935737346193435,0.40784872030436126
0.6748574696793689,0.4838835952408514,-0.9190259530783985,-1.2063584900238458,-1.0595986505531554
0.2299009607313085,-0.17402712863668066,-1.1071067028971275,-0.7567758915465059,-1.3574731177054864
-0.8728099972879413,0.45093481174374095,0.04756051175565041,-0.2132563932540835,-0.4337304296453945
-0.24406347479469773,0.7940900583578059,0.42943153292844255,0.1626372952675484,0.47239266928310686
-1.3768472800521276,-1.8062751229713803,0.6471993400235116,0.7529569120421707,-0.2665393502806802
0.03137041581635289,-0.42224260494319116,-0.22777762867860626,-1.343372567113296,-0.021468530101830075
0.36023407877722535,-0.5983903732684649,0.21114865627996107,-0.41183566760171314,-1.097368145066311
-0.6219444499778854,1.6481186816052382,-0.3889425112583852,0.3796902340690283,-1.3987106476341153
0.6139578847545489,-1.809797357414357,-0.5295191916396398,-0.15633094808722317,-0.19360007467368426
1.1411812378297355,-0.2478976436477114,-0.21670633729081393,-0.7245508912103684,0.00873078774841161
0.5459273048411042,1.2159123019726492,-0.09692994606828773,1.005601673624156,-0.5657437599366844
-0.17500611778127298,0.786071817760137,0.2844806158150341,-0.2550849852546741,0.22442991568873608
1.8265379816605842,1.6563568730415257,-0.6882066549828023,-0.2577274303488456,0.39466118732962857
-0.5876516726331343,0.014162430833816584,-1.5437902183652645,-0.5467391969883475,-1.8672628594012395
-1.4827345756374573,-0.04527178991059656,1.4907507507067606,0.5130947035566782,-0.2557065538825602
0.5387988683221752,-0.24476835926316945,-1.0160705729958925,-0.36074138001557754,-1.0230929140953513
1.553557757423034,0.5109951550349142,-1.560906374482571,-1.035063212919204,-0.8978657261730874
-1.4097823237397025,-1.1083497794989996,2.23540580628367,2.841235036282743,1.9831053049060625
-0.05675485480530236,0.3116720622865436,0.44955341159072276,0.42563496076869195,-0.21736953551641694
0.6329247182392311,-0.2789647613270088,-0.7502221771104234,-1.16146549197575,-1.414254378331578
-1.1275469235744988,-2.5858372378724694,1.184298916123746,0.8184134559366875,-0.9062111644892824
0.4232934457978594,-1.4895414068165993,0.7685322142630298,1.18152938138656,-0.024507335771583573
0.1991441879762555,0.9890305230648367,-0.1364061474236463,-0.4198262773175093,-0.4548526547111056
1.3415099668057582,-0.035856856842732696,-1.2299319890480727,-0.48709524627994966,-0.7806425228655598
1.4197464872653662,0.6115807543428909,-0.6898798362729165,0.09346738230827238,-0.47482950752002606
1.0781837812884756,0.40671366458781427,-1.0619798148925195,-2.0269314759836368,-1.2365303315983283
-0.33117395423456064,1.630596955819391,-0.45647996593918344,-0.38990954857726945,-0.24595070794926244
1.7226845604470151,0.8325405633149168,-0.8277302258854553,-0.14080680992042222,-0.5229981869564818
-1.4659363798147624,0.5133929651278266,0.5530204650700441,1.6767710276438255,0.3639683379779188
1.7683505829522055,1.727688874682228,-1.2205219681835178,-1.2415303893199436,0.6949302625763468
0.30825335158856365,-1.0710894465714784,-0.36733194762996413,0.39127257694533324,-1.4852604711955362
0.2413008822673098,-0.6456514145368144,-0.07594221889423373,-0.32184583777071163,-0.4591201167517447
0.4422609519800604,-0.08378414744391607,-0.9284217047019881,-0.9961474429760026,-2.564818659524635
1.1623561727188416,1.1438670221539247,0.12573612440663662,0.12115251222919492,1.3721495890782862
-0.2625958878355744,-0.4086682879765558,-0.018858586413223306,-0.44998679592898966,-0.07878590685740791
0.22552102165106575,-0.2100966129179879,-0.4714280574865479,0.308904327481287,-0.4870618096656733
-0.9571036959686365,-0.16007030986923299,0.536075131233174,0.8584491479474264,0.3230776620577482
-0.05180992286129422,-1.021319415703233,1.3345609469905673,0.7279732797006455,0.7061089881935982
0.5671717802586099,-0.7856418773628961,-0.8863284027093983,-0.0681594704300769,-0.9645895533940674
-0.05748391346131254,-0.2445789757572633,0.7086739141311929,1.143082266968774,0.6500125841672385
-0.3038200101140127,0.2778394749117699,0.6129584868239776,0.44668415847720405,1.6399588591727634
0.8351247413177911,-1.6321696300140343,0.4139213774037792,-0.38223673893069754,0.5468787056522331
0.7387547397627939,-1.1014212879851983,-0.8619503713462184,-2.4092018869813656,-1.879807952902623
2.2778973242485607,1.9190224632121802,-1.9005360525125916,-1.8761341204990754,-0.09343065575144144
0.7399235628895131,-1.6316016083275902,-1.344663953161266,-0.6474834682140661,-1.9931151958935214
-1.0359908468652808,-1.0247207781866485,0.4030572091935546,0.818369591067383,-0.4629371329237822
0.3823909607217891,0.8256116960892711,-0.7847604567820472,-1.027908584711064,0.24056366325991205
0.1967879703926518,0.14240557341460197,-0.5318427387976014,0.3198734707101683,-0.7334298171542881
1.2817487836993455,-0.687683354885288,-0.40859944376494944,-0.9933184471460593,0.054867701314118875
1.055361632055904,0.1856132907278373,-0.16951614152687752,-0.5050494752982039,0.2763281024243698
1.2638900522818302,0.12562167817200232,-0.8082894023563826,-1.2199087194461051,-0.6809657115435522
0.3584451368997755,1.442833193980284,-1.2255845931464835,-0.25134299942287625,-0.5042581022674715
0.9429260747905911,0.5316013137493678,-0.7694274395765338,-1.2724626968063937,-1.6159315123786069
-1.3004871697008022,-1.8994330796171308,1.3684275448605803,1.1954256192557604,0.005624914662312933
0.64459077760966,-0.4337831068694875,-0.7187715451980394,-0.7029157276305764,-0.5246027800110833
0.651485051249572,-0.1720417621690497,-1.3051348119282293,-1.6368007990421003,-1.2905207352131678
-0.27671562274328004,0.4901292955305367,0.06662071827087974,-0.37127485440831653,-0.0020893315903836025
-0.6294118952731519,0.2103272468207696,-0.6482007823353085,0.2139456801312178,-0.24019831714081455
-0.140716865503223,-0.3365029029570392,0.7286516085033286,-0.34545949571494616,-0.2791284640923531
0.7743873604715104,1.2585167116060152,-1.0135881125830104,-0.483195282004261,-0.5197090450575613
-0.9325504322179666,1.6917978035801793,0.35243847429491615,1.0832159257980811,0.3127224535415251
-0.22463347433472322,-0.3980164102622583,0.6962157301264938,1.1338454471408637,0.7624893209227999
-0.49367734486965276,0.47459158907194354,0.316568346330131,0.6082851883716721,0.26047680772661314
0.9794931934813108,-0.06085553806263698,-1.0689796524304653,-0.7385816079807357,0.5129982444878325
-1.332392428557835,-0.3781646248250707,1.7191085575351372,1.3888728959452181,1.346486793900185
-1.5706491023232836,0.5754301893631324,1.6007742891432424,1.6090206134578444,1.1749823142769842
0.6569122858341114,-0.6857068380158088,-0.6137156682100715,-0.05450950280504284,-0.6554806310930448
-2.077956248269011,-1.9774984218515932,2.598837929147576,2.0836127256399086,2.2932325942043543
0.745694844279288,1.2143786071245288,-0.2388710327106058,0.8721716944491277,0.515350763034165
-0.4889058549772318,0.8397024281273677,0.46520573282329564,1.494096424701803,0.7108176622991491
0.8127217672708426,-0.14423032140564426,-0.22113763118026167,-0.530470303124962,0.07494457386095943
2.017050936201247,0.5270432067825462,-2.3189726881188655,-2.1808657896085135,-0.9792207342845171
0.34707406977977595,0.1285678124791041,-0.8112159478828688,-0.27184369691520055,-1.2606770274698342
-2.6179343875503944,-0.16187125108091427,1.695502905636295,2.331189718423983,1.2715694699004996
-0.12323378730380419,0.6150139561971716,-0.09260848223966404,-0.49084409746507873,-0.637795962153984
-0.8477213781248505,-1.0248978953450611,1.5734828066867559,0.8336017497830465,0.9120661694021269
-1.3643117524119937,-2.1011045610865198,2.185801487175542,2.1449579118645286,0.9867646216004626
-2.0191762065392895,-0.4093874797115519,1.5546848590774809,1.7202798461720041,1.2658282901945295
0.8943284765865903,0.10751698980832823,-0.7885117320957843,-0.8953466954845413,0.10137464208357158
0.3192057538467788,1.979778880693634,-0.9771049304245931,0.5804573548801939,-0.5104907931217314
1.3599607464932877,-0.5113885772784341,-1.47679847991856,-1.803635486356818,-1.7368820089033101
0.9410223311766018,0.1434718307410427,-0.07375909326262498,0.4264147825074911,-0.47601921948045717
0.3281742527231216,-0.3453688533647918,0.421563809954106,-0.5728899317681148,-0.7272475359912178
0.7527961532492157,2.1448477744625576,-0.9344101367582986,-1.4896649060449025,0.1836328189278949
0.5655809617846687,-0.5516282119247108,0.11467421019057548,-0.0007847963786491318,-0.035224818139614526
0.010472469269601933,0.7897968497125795,-1.7839481556301635,-0.6144640298455734,-2.4208947082641217
0.43948683205928274,-0.3059325833373129,-0.6621235975767151,-0.6100105730862578,-0.28877161450963224
0.4257944526086588,0.49944533896630133,-0.2821371060716738,-0.7125458893380829,-0.8012940100820976
-0.21631612336217285,-1.4389240634802511,0.5260251553719048,0.06623500777582762,-0.4028750972357666
1.1220160391354035,0.28714106961270436,0.36872435323607416,1.503087050502313,0.9157556986624387
-1.0081587275570452,0.9369665773389417,-0.2139974338114703,-0.6001350234369219,-1.5476724769133148
-0.1451739901623756,-0.6125322827515902,0.2555426965501859,0.6216858236714395,0.09507371616899576
0.9588086553247216,-0.9169042288034066,-0.5625731074533468,-1.0694526982967723,-1.3576193163065426
-0.16060666752966335,0.7915751886668293,-0.13088394091661257,0.38424109586510335,-0.18314029777602067
0.36399216276511376,1.2010597564226917,-0.28159797842328754,-0.728713047046424,0.038382638709745495
-0.09489315326773066,-1.118236099479313,0.11693818880447103,-0.3545008289113215,-1.6386645880978505
-0.1057188838929549,-0.023848117393110994,-0.021671142776985567,-0.16505374581386445,-0.16398878311680323
-0.81212072459762,-1.3332662168649456,-0.15051385511210796,-0.04227939542466139,-0.3607868576532728
0.02029055452539052,1.2416192589121122,-0.1817458647363166,0.45375018375852394,1.1958165863763883
0.11730383993146543,0.016042312720306696,-0.6540647022132002,0.7969570233262597,0.9976077792391707
0.6086962559647495,0.4170627547650738,0.5336179972546723,-0.3469622645214087,0.8642263581619093
1.0146265162460404,-0.5953656103091656,0.3830633136313928,-0.9472559764641952,0.05099965729821928
0.6662299131340673,1.2066137268514752,-0.13972600570884,-0.6357611502355189,1.1838160359768441
1.3572981295459656,1.3104098715222796,-1.6998810172103362,-1.5148582864863704,-1.9357298212062992
0.17731636585856472,-0.9498846066302573,-0.4479153840214629,-1.131010865338025,-0.710986068593399
-0.42741032411603064,0.6922486001100057,0.09205172587792146,0.2421235858506569,1.498572932473087
0.6983989324407963,1.8805928074579923,-1.031675271301185,-0.923969228436366,0.446463514612521
-0.418997709417445,0.3224061239884321,0.3801975970208912,1.3299381300971809,1.4037375399393268
-0.2176776099506992,-1.8312692252391023,0.7496156538579645,-0.2970888819827237,0.6765305165051647
-0.1509333221909657,0.6095405494552367,-0.8732690979714307,-0.2572171890629216,-1.4086052135661982
-0.425503747440562,-0.2361633569534654,-1.1723044485288356,-0.8526661738452368,-2.2204927091962747
0.41515876450016503,0.41495464112501806,-0.17052000458788452,0.11284986708823845,0.4693860601359619
-0.677897550473137,-0.02930784691319514,1.5045631837372062,0.8753717217727274,2.5866504410706015
-1.0179771341352393,0.6379183532835957,0.5589909010756485,1.1080870421618707,1.3630786678177376
0.028913721489338448,0.05160109427290483,-0.8537114532644308,-0.3104105481372038,-0.8912206499421278
1.160822394901159,0.1294174618311897,-1.0714424599262515,-1.5804200353720874,-0.9648819635828915
-0.42641446904117564,0.5303922121265183,-0.1736170399181772,-0.5675358085209844,0.3247122565272207
1.973155507458783,1.0115512790105095,-1.590708094619638,-0.5237553354828935,-1.7901672420196653
1.2283923792714622,-0.21839690127558212,-0.4399437005176437,-0.9134736944080651,0.13486022209819742
0.7831221229346357,-0.6634521638182629,0.5093308171745694,0.2767077614785224,0.43283594226375666
-0.3957238687469732,-0.30725120746257234,0.024043797207798267,-0.06432126181584852,-0.6434459687332932
-0.5830283936840069,-1.35806677727165,1.540812396922399,1.5198361344997233,1.3744970042827718
0.15443507330672152,0.18734464421226424,0.06469768561445687,-0.019457575003450273,0.5255234612151242
-1.7799086106655373,-1.0471289379461088,0.3389814853991359,1.3174765722805137,0.10401801731870314
-0.776300257450199,-0.6237784715931445,0.3868789871824514,-0.5214523164979958,-0.5855034116886549
-0.8944028037224376,0.44761861492294447,0.16003526470285218,-0.1616876805871078,0.21186592074012023
0.12379848020741405,0.33084195929705656,1.1490066089590871,-0.1901332547311316,1.1877082514360395
0.21340681448799564,-1.085768423315363,0.7486406009268061,0.8231931360747682,0.7123451282310519
-1.1058148116745996,-1.052784860490891,0.8527249130684915,-0.593910892961527,1.1301536423903205
1.0691284836791857,-0.49372453116307224,-0.33903242926049076,-2.367144712699451,-0.3432776024337816
0.23457695482488952,1.0181458096450382,0.1182961549639547,1.5243462372745065,1.1085364351947016
-0.9144634548739065,0.3049913033258823,0.6723732332633817,0.6509717327145113,-0.19215137076302546
0.3765967993340531,-0.43686635788509504,0.0934171324963587,0.2533740790119334,-0.6811808358078459
-0.8749068540079088,-0.3768899061930242,0.5411121571988201,0.4125523074398596,0.2975406325648841
0.38915286674798905,0.9327294356543019,0.01722908848805252,-0.8061888042542849,2.368021320279384
-0.7989864693809461,-0.9297263829158544,0.8384287406711565,1.4125591004321951,0.9955961818994721
-0.016021756669972742,0.8113303006960936,0.09374139173119221,0.35832745261311044,0.46539335737845483
0.590302775884911,-1.1808366668337853,0.48919182761558583,0.5207420109800472,0.7393805284225329
0.0873146640616099,-0.9550005647858074,-0.061588040747499274,-0.11758718268564164,-0.7620709500111934
0.9875027127880888,0.7476318540847688,-0.8109395576554022,-0.647404981788202,-0.7191683526668892
-0.5614585533422276,0.46860168564839494,1.112955672093566,0.8141136917602759,2.009713603569606
0.6539618038360907,-0.0011310176156034077,-0.1358681187338179,-0.8220696591633304,-0.5809425709665875
0.256033184806094,1.093437780071704,-0.08676516466294731,-1.0579855293080753,-0.37403684938663084
-0.3878124678440495,-0.8041851058494842,0.9644638593905747,0.7870918725289302,1.4167163458321506
-0.26797378599421734,-1.8028753283757553,1.2955245424876183,1.2603170300245528,0.051559894256661014
-1.2822614800759833,-0.08021789434305636,-0.19399415888804858,-0.3595124227067315,-0.6706060869289369
-1.3062899923701445,1.3553459150914522,0.08923509070673674,0.24198024416933175,0.6954388355845336
1.5269094576324744,0.46631779590687067,-0.5899615049325599,-0.7631134671720642,-0.05042319162367414
-0.447407542575189,0.8430611290830753,-0.39316544618857135,0.4722624623276559,-0.7949122851375477
-0.09396478558992132,-0.5641084633302863,0.7489191586879163,-0.403160090300085,0.5797696396899813
-0.7723126565603445,-0.6502692850642412,0.5703654976882699,-0.2189185711397072,-0.2726092081751911
-1.6309071723283803,1.3433568727402785,0.4648621728240685,1.7224691768892761,0.48985252232371784
-0.16343862536418474,-0.0712406016976304,0.09530575478344672,-0.33791289163004606,-0.5962540636765933
-0.4062409015084008,-0.7505473720772897,0.08873907273264826,0.5753614189562003,-0.2748198857917098
-0.1406876794671883,1.2435062711156453,0.6900270826636457,-0.20338911656949157,0.33878410793648733
0.23685146425703435,1.0907076281280843,-0.6697159879424868,-1.3504093863911601,0.43016460767310144
-1.786226949496134,0.3962179191707753,1.9029433829253584,1.3545640467143232,1.719502751787148
0.5525834526097315,0.9807226643469362,1.1349518911237013,0.5425377834799155,1.8398072545969268
0.20022592858261548,0.44092624968169525,-1.5781973491069454,-0.9426300042527375,-1.8045037204806973
1.485234735570895,1.1151497775729207,-0.4872344901268051,-0.8144114831313333,0.5185812020022902
-0.46997471850377676,-0.5669488315889779,-0.0039893179319277095,-0.0838684006548835,0.24318299131930488
-0.4002701154280879,0.6023907398501543,0.15263094660510984,1.3979091366412357,0.2696504986795841
2.107169880039708,-1.7999231368950517,-1.2096673482388174,-0.8683358155898743,-1.5730689083023954
1.2587183036278462,-0.4944357285379059,-0.29510614832529436,0.42082897637500793,-0.06751138964427758
-0.046490707744333844,1.2020450951024062,-0.21156840113192446,0.5942960567406228,-0.7737819462230529
2.0061792230234765,-0.6754435413108382,-1.631503455120643,-1.9329457802458314,-1.170802626116302
1.342551068457917,-0.08015269396426138,-1.6935973010075163,-1.0442567779253258,-1.4213969195116147
-0.9564463236970544,0.13385195569494493,0.8121177426585865,0.44775778391566406,1.9611853873360579
1.5511699473335447,2.002861804159291,-1.3562080093848314,-2.016864467220728,0.020655540245782915
0.010231083407817509,-1.467324737372353,0.977861072158904,1.3674475832638266,0.06987439339686576
0.20739821535245984,0.5111200414124704,-0.01894052580300699,-0.13779707806573305,-0.3533378699786574
0.8256506533375427,-0.22907621154312474,0.11451278378586115,0.7961258529193553,0.04071617889003678
-1.1463001645173412,-0.6813532576563823,1.3516320390832213,1.4650722991660148,1.158759578104073
0.16900404326373525,-0.8681431228820257,0.3451417370789831,-0.4052011362080803,0.34377164779453323
0.10769208666124226,-0.5146507419943467,0.4154591229333899,0.14951262564293075,-0.030021961703086103
-0.053731967647134664,0.05648483154553276,-0.588306879227487,0.15482153369425916,-1.5084972721638241
0.3078486111586874,0.2852775988167696,-0.6931212817009227,0.660634280416646,-0.03577333104737656
0.4799773530546358,0.5932252679153234,-0.3043411822695766,1.4778246076758945,-0.6087709278071984
0.5321461674353396,0.3054894908316708,-0.8806236064041332,-0.9842187198661063,-2.3216140118228776
-0.8126232974202967,-0.39848258396626907,0.48383191094672506,-1.1168531244744297,0.3124540704753702
-0.7874790465868543,-0.865164183305454,0.30899115852399067,0.4399231426918355,-0.2437390267631967
0.5492279279170632,1.1980753855785686,-0.38625000788178393,-1.4006343758483424,0.6229733993547737
0.5234286787914108,1.1776384820113273,-1.8800504277354508,-1.4866463507184142,-2.993860046023766
1.093644315845776,0.23786588234643957,-1.5531334577061193,-0.7189835513049536,-0.29999530444082767
-0.6664627919645112,-0.8241498964943831,0.12738068250863568,-0.559738262298469,0.17142641204944242
1.3654368828602061,-0.2889127760388825,0.6545676908895849,0.890471446202113,2.126523302302623
-1.804928195578098,-0.5552177377770124,1.813555998299625,0.950099822025087,1.5653039082510949
0.08228376242951536,0.9785749551820134,-0.2715102404232168,-0.3941802702085326,-0.15248784344740954
0.1664751883843832,0.017193063592884413,-0.20319911685007727,0.15425778229298928,-0.03211883963604025
-0.634183260006979,0.5762649794992352,0.07424848512631681,1.3079774408934617,0.21710695285431705
-0.16471232969545715,-0.004315218712983009,-0.924037193451858,-0.3397763831456426,-1.2696894247777029
-0.5238767912913336,1.7175030970636278,-0.6250588644741801,0.6041149385443904,-0.27134329299482207
0.6151617181784583,-0.44330273523097863,-1.2900511002433785,-0.9306566730776673,-1.1705148281938618
0.44363093663737435,-1.6602792157463278,0.15610518173153498,-0.4011496171380736,-0.018409337732523234
0.5299144064016266,0.9240414151235103,-0.39308371883345583,-0.5960120455215934,0.5939979947708515
0.2851763736501283,0.14011369094744633,-1.3885795723849395,-1.7897920412368855,-2.3365150206694247
-1.3010518360325385,-0.133996242074439,1.3431142984739637,0.3323799597134555,0.5641644920572384
-0.9966595567980794,-0.6240158034974358,-0.605391009091769,-0.8797626503568698,-0.44711271484896753
0.43379731300549335,0.6701997094314559,-0.970567337031704,-1.0037293834768515,-1.3246316929375033
0.671260848566577,-0.5908206850589134,-0.10866665331833339,-0.09950942466367887,-0.7870510022614124
0.12981345122343185,0.22819071584712586,-0.3396028770462427,-0.7943495019595427,-0.32140185543795374
-0.5210902701287268,-0.02449117266662151,0.7516990041723125,0.40704524103926404,-0.20178127165895413
0.9561777776826407,2.06459582324093,-0.7199668810206677,0.3038784484920699,0.5804864081465404
0.7870220428965596,-0.034338887488139326,-0.5265398362824736,-1.4216012031267273,-1.5698458111621958
0.7395656471378325,-0.8951192301446493,-0.5079277321126078,-0.3038030494979255,0.2879954275023356
0.4092569225187188,0.40581388837268934,0.12609715515537606,-0.04484260234049107,0.64984930962147
-0.6511731006316958,-0.09912992323403179,1.3650981895354464,0.09316243622486681,1.5663800793104186
-0.17956946990246925,-0.6167493432129707,0.1729995117460798,-0.19626128511405513,-0.020393982853391668
-1.0951307504110042,-1.1148904917511775,1.360067179917593,0.46191037087512893,0.270575696583925
-0.16409479475880315,1.0788637985381206,-0.19374842340428938,-0.5410309338926893,0.7527251927383762
-0.9529506571081388,-0.1167929275311064,0.8237151718464837,1.8584294450303591,0.7679372476836667
1.113243517855124,-1.2693319316410856,-0.24303961330024396,-1.2476749860207617,-1.2842297214362421
1.5794061224728193,-0.4326253062834648,-1.0090944258397112,-1.1701732985233002,-0.6376477834637938
-1.1717938265563521,-0.41815366041715646,1.1920866521880447,1.1480183712082848,0.9193863118091313
-0.07642536477502523,1.4359227758420152,0.2764294167077071,0.14784514338404514,0.4174222588834307
0.48501252164165903,1.6666330430205192,-0.7816678306029833,0.3281242094154574,-0.26440214747734414
1.3136347005699947,1.015300873474458,-0.8306450991681045,-0.6021373471209509,-1.2667470685072597
0.3733512979315774,-0.28891705188981326,1.028699150658739,0.9318487202194068,1.0436926041472698
0.4941202707399112,-0.17397356893318194,0.6321153461965519,-0.2979668880862358,-0.30813969126683516
-0.7519578343968323,-0.756824827424477,1.46518873675134,1.0733336342774284,0.8473348074611715
0.3977620121777367,-0.7108506577792528,-0.11890239772406751,-1.3212956753378735,-1.1095306609441404
0.47691019455135986,1.4291711988937135,0.6630024305223916,-0.25020260670065203,-0.09749506634958567
2.310354778551496,0.24583153231471785,-2.2159988236705477,-2.981817246338563,-2.9753034156552594
1.6481531391078648,0.106118827254732,-1.3532912006265645,-0.8677227950278719,-1.2923231845619143
0.8264914522945523,-0.9454205918646665,0.7113010188042885,1.2176837088524348,0.3434305959598715
-0.8295310675657985,-0.6343301713073328,-0.24957651359246566,0.6854363344302776,0.45095371096072184
1.3051261599184187,1.0896148196110598,-0.786560887909165,-1.1431791666349753,-1.3157646858446104
-1.5540826467793136,0.2065267880267192,0.5008940371419517,0.4106332581539562,0.6106957774897318
0.014239514913724535,-0.7958602934673695,0.44939494030092286,-0.292760428287127,-0.8212563139853414
-1.7916322382821093,-0.42606986478789116,0.9412088336092849,1.2374532861367507,0.018694048273101213
-1.3831775638249448,-0.7523531614510299,0.8271311395379868,1.371487213062425,-0.35195305008763383
1.6181112040898231,1.8820725926992707,-2.4135963693526445,-1.636571746974999,-0.7940013597827019
-0.4802348845172898,0.48861296097958123,-0.17663551063868926,-0.7620959171582931,-1.3287145192445644
-2.437784215897781,-2.4241298379567504,2.4226203003480533,1.8270261481111805,0.7900577097832627
0.700202774061025,-0.5695572747976794,0.33876491468506353,-1.1432345389940899,-1.0582291528081251
-1.44921548801821,-1.3175834303530711,0.948110971673242,0.4860593101261689,-0.12443303691407653
-0.8083485608199822,-0.38401646362198416,0.19434238255329464,0.706870636530458,-1.5450185026102847
0.03456822697954822,0.6095318258576107,0.18404354062362235,0.32238407159774995,0.1835960611385844
-0.9722571237491283,-0.7868936496484509,0.4265213143921642,0.17196093276226415,-1.106110603293892
-0.13194519876432292,0.46263823215440947,-0.18216489640450817,1.0966154163861108,0.46138530999549315
0.7630481563665308,0.49690632604240376,-1.082230658136011,0.756376279021958,-0.26781595630066
-0.1155835963301522,-0.9262829699123218,0.04059098370718242,1.6510855691930086,0.9528349332580114
-0.7685533708107357,-0.2822199530659231,-0.16585170896965085,-0.4493972851213016,-1.2697883862638346
1.0914501017257645,1.9698529566653906,-0.20070468410633718,-0.7201063006193602,0.5271935414922814
-1.4758142717670766,-2.0931673356993916,2.0623444722783857,1.0095590074145209,2.517130535474286
0.9188503149431709,-0.2786035765456932,-0.9852990184222504,-0.2477831341364502,-0.23222277794864918
0.12305110436414773,1.84715629181727,0.1101533592983054,0.46489210977487044,0.4179730087865383
-0.8158587491510862,0.6999924782772754,0.017109734797568894,0.027933334973396427,-0.8815839132226633
-1.1451075670235351,-1.6487136177367936,1.192217143289875,0.08483063877825385,0.7279270580355425
1.0511257214457046,2.145527822294783,-1.757758052090949,-1.2003499923900296,-0.4698574004815844
-0.7816315765399884,-0.1634117039842542,0.028567692940303906,0.49518998296160943,-0.4671880740441827
0.21859754760168354,0.3313005749908881,0.003300793322319706,0.8366424059912541,1.0212825092943116
-0.19247095491871916,0.41998027613739974,0.6238231608080087,-0.9277224977660404,0.5541823775902447
0.2357254024969492,-1.0616708340189949,-0.028218247411036103,0.330319360417957,-0.10389905686815347
-0.0853271668721162,-0.9946010057819884,0.3247949513290254,1.4093589026093867,1.800266050673395
-0.600475486717407,-0.6101861444004067,1.2783654617629203,1.3213024076493176,1.089012040524289
-0.6258126859022995,0.24980361419255503,1.2990338026101507,0.5457145798270928,0.38178190446074217
-1.5357491311962466,-0.2702191452317392,2.6655125887812785,1.4558310683539684,2.674414503561965
0.07101860204128943,0.37071105561391215,-0.5614718676378012,-0.820738669413899,-1.9652945014019088
0.10612281279797411,-2.164933160626955,-0.7255405220496852,-1.1909428977095402,-0.22389207553641902
0.11027476440995361,1.632033728973174,0.0819422509473584,0.2659446239255124,-0.5594617374222224
0.3447139803593518,0.4051703756574343,-0.07522550416523835,0.7762337968034064,-0.9150965591349256
0.8034007033657556,1.7159622790702351,-1.1932089340169632,-0.4434325339303172,0.380891536283843
0.6498819576796327,-0.7958435753637692,-1.2751455016887938,0.32808770504866647,-1.8413784330680332
1.5019400293840346,1.399967252983004,-0.9276701703048353,-0.9877695499799334,-1.0779842818092764
0.6124981945323191,-0.2112843289030414,-1.3017602863636086,-0.3322321819801152,-0.6615513322814862
2.1408794852382576,2.328316652053164,-2.2331249961144066,-2.657353448800797,-1.5923905436763222
-0.6624626674206663,-2.8898708557875246,1.2894529545440228,0.13589155453573643,1.0930616225424223
0.2536863251312097,0.5286120762084604,0.6809320979135963,-0.12321186215242942,0.415799827229308
-0.8224169193915466,-1.501077309182645,0.5362456960079752,0.8949093089305242,0.3188879143113371
0.22784063195643753,0.3354350568208634,-0.7773278789256473,-1.021065154052468,-0.26167886098181414
-1.4141638716861122,-0.20608670157687783,1.146012415852455,1.391724758878586,0.7001924911150881
-0.6700208840087668,-0.011318080199825008,-0.7572689651620357,-0.3724062356177888,-0.6795962115217796
0.6311839430600363,0.7838932323001587,-1.6144480891647375,-0.4924828929747615,-1.4131495082146173
-0.9284648413672165,-0.641490235933622,0.7798581284847526,1.4839837717683888,1.3042923372463302
0.8861395425608977,0.5754492833361102,-0.07672507526218345,-0.9649427714679408,-0.03305450719432322
0.2795660380359517,0.6406426724727915,-0.1314030383887495,0.429610208613396,0.9073078554993774
-2.8201962161292142,-2.0116371130537942,2.1797008846441854,1.889632253800671,1.4384307726527932
-0.6820905710863634,0.24690217575547566,1.3038267870711404,1.0483575967521128,0.8818391530881856
-0.18065572059626478,0.6241990489242554,-0.2049419217518394,-0.863681226285355,-0.400464727472291
-1.7945626023931607,-2.507302554776354,2.028324426120918,1.526909962327537,0.5640767164490078
1.5573477224972487,-0.661228445118632,0.12845503372872913,-0.660759328264869,0.7253054309032559
-0.978526162417097,0.008195431903682032,1.3689584853789822,1.152291765061235,1.7700316747301073
-1.4333298140895248,-1.1027390133061523,1.5948635398945545,0.7651503405977258,0.7045435740169437
-0.7408925346132135,-0.4788509141485526,0.6806839474800259,-0.06514454282404901,0.09194915734703275
-0.2817591280506459,1.172873633525333,-0.4879911615677668,-0.25599039792564315,-0.5439912615908379
0.8423325618726571,0.32975140048229556,0.09228959934974745,-0.17001282452351013,-0.03343831965206711
-0.2804738671783059,-0.22031669070692772,-0.23455898502581532,1.8027170503163876,0.16072372719256878
-0.5417337292269915,1.3370710513507185,1.3234121477064271,1.482345508128723,2.6413209668021547
-0.19890684772842213,-1.4202929718240673,0.4808603279276883,0.07343199606642277,-0.3021048489267357
0.44767329367314884,1.017476007755711,-0.481502602472127,-0.3236898328068959,0.9365729502974147
-0.031057442562960343,-0.08992610357451485,0.037255967142163726,-0.06528037493007428,-0.2860696976636371
-0.5268427041765436,-0.3495603534821443,0.1947517645446119,0.6331292140397978,0.03223614599776906
1.0113781980090564,-0.32241463956267524,-0.9724270665834618,-0.9868842382653316,-0.8088094489521214
-1.1964007813696478,-0.3773638949361733,-0.14453012291749454,-0.3368364111362607,-1.1684033993761163
1.1800971027759226,-0.16390211585322445,-1.0929635452853925,-0.2228274864883338,-0.475573965282267
0.41243326221398663,0.43336949520957313,-1.1296222039261523,-0.7081668364949683,-0.644661740482472
0.269126857127789,0.35275825599810795,-0.1344405168156638,-0.6942873217713357,0.599557969262212
-2.255005306185735,-2.3036370535124786,1.069842698715059,1.9506783974463517,0.4975926553784107
-0.21259329622966683,-0.3540781925602923,-0.2620687423120135,-2.1090584407675297,-0.5084563182026488
0.027520956977950716,0.4132088802670425,-0.09981366475435736,0.03257097285581796,-0.021060340292324536
0.8782905496531637,0.8566374266868199,-0.2096974225044534,0.003891866668739297,0.27551700635398185
-1.2355043203409846,-0.5959771909649144,1.2464927654630067,0.5335010779595458,-0.052631823144298824
0.18441142312393458,-1.5249856845103302,0.2979875270227793,0.5443015656938692,0.19211827476700202
1.1435498454139197,0.6089938802559592,-1.4035972419426561,-0.4987233620090403,-0.5575363380381976
-0.4742452203107636,-0.5343125887410904,1.2869149020197375,0.6069510206817134,0.12832875369789024
-0.3381026277716321,1.3073660500305244,0.5642406927710624,1.2736110897721775,0.4461817651102244
-0.833491245085503,1.06647475450709,0.2394901819071612,0.8239282812626773,0.5748070860309777
0.32699757600296103,0.26352184720725413,-0.9866191470954411,-1.0969647050673825,-1.1544257965233629
-0.22333302398019958,0.3707023487958832,0.29464576350268584,0.17733733137427618,1.0773744576649102
1.7209403723230767,0.874891808136445,-2.071568593940605,-0.11973198706895746,-1.9089433307811796
-1.8358337156857507,-0.17810746609131703,1.6733923245229976,1.6286204794569694,2.3599324230237806
-0.3564202070931485,-0.5770765032682235,0.376906904486995,-0.07661650392490721,-0.786336813977988
-0.8737943866908529,-0.3378022659820433,1.5355638480538132,1.4845821346239878,1.5811753150777133
0.2598935021243218,-0.6298508525060662,1.02262524940562,0.8670761829996961,0.002293446095879629
-0.09882075120803437,0.2842846728150225,-0.06285933164799352,0.04430869099010595,0.847616028924873
0.7030032295003628,1.2185254778005783,-1.274245716534171,-1.2854486694757825,-1.550101341435599
1.5297585370775888,0.9072546354942695,-1.357104673644059,-2.5364262989848716,-1.070854644840251
0.2942228254671552,0.4625625729461303,-0.21892661582845876,-0.26736068072546965,0.5570679483258899
-2.1053557973486705,0.7695437580117377,1.78353364826411,2.0904586979868394,2.8390060767682335
-2.3856319460821687,1.1240186878644502,1.9195131996958021,2.7906361119984027,2.674432033060312
1.0373448304374389,0.528721560350324,-0.4184755921972431,-1.1743876365542798,-0.8654745087546201
0.1427651833920747,-1.1546618811299134,-0.6682445674629126,-0.2949644810527069,-1.4621726077915473
-0.5372194488349665,0.9415843281334825,0.20917518011008054,0.3585934020405062,-0.22133959615319365
0.37840146255802193,0.9993049694280575,0.37054946431588187,0.25105707354496476,1.0269204294222334
0.23817048607424635,-1.2695563305605366,0.5637163171205942,-0.5950500784902244,0.6376463707039591
-0.5168744517935335,-0.05635224211784603,0.29222204464712215,-0.2985384911411875,0.45381682392064904
-0.15484167164345464,0.02060650052024411,0.5615909854813715,-1.0805042206126103,0.4480557965235645
0.9301679042066731,0.36917979276889734,-0.3460555653045389,0.5166301770311263,0.9898497178563906
1.620086830765263,1.6661366532533535,-2.1346243085935503,-1.5394401591505484,-0.8521741886208407
-0.18037949864291355,-1.1730293340835405,-0.21488084685348877,-0.7102605051499256,-0.4446600555004439
1.5931084244594145,-0.48589277957419585,0.10788902545245009,0.03375765039946673,1.7051926204466665
-0.6867448306261225,-0.519835142482098,0.9301785778651694,0.6248276816003564,1.0402862916848443
1.7386089448813862,0.3325904063773234,-1.4208131433093576,-1.2670096970349658,-0.4698996510277015
1.458942375312766,-0.7112525855639108,0.27298806326617037,-0.6023031335345381,1.3752612701133313
1.1862100926253925,0.06510378511267108,-1.8175716044479375,-1.6780758904443291,-2.5034033742925805
-0.1942485929073165,-1.9166568369783237,-0.27856100651703575,-0.7525477599512622,-1.0820548862006907
-0.41883662008387407,-0.5162755466438576,-0.24245540915049862,-1.413412464061831,-0.23549907771361953
0.7127796993337133,0.9712589690129901,-0.14577845170404938,-0.31344178296003306,-0.04253507158746482
-1.222469107539206,-0.7571511324508797,1.006279088140087,1.2950134035430447,0.34987877327712297
0.7863023040672449,-0.2259185118062362,-0.23135672975221966,-0.010620141093919075,0.7755428382370455
-0.6530641967938454,-0.7443872285016628,0.5060979775308614,0.5315280098056695,0.25518154322013986
0.9365366647191863,-1.7919765767630487,-0.7019248018174158,0.36928760518681225,-0.3490504807159474
1.0907085222997948,1.3644083549112884,-0.33870968366251164,-0.8230433871629065,-0.3158738081430682
-0.6925753364690505,0.5303813421004563,1.181384151782271,0.8092090222470648,1.2282328891958103
-1.0633306744445488,-2.2429683501956097,2.1525547595481567,0.519565387387251,0.9300300445500288
-1.4773288371261963,0.205662205233296,2.6187263150855697,1.1726528131575862,2.4589285377031165
1.3807698144368554,-0.0832116907439477,-1.147445064433332,-0.7913022359224717,-1.570486731315589
-2.4295642760102933,-1.1388750542727186,2.3533702471730202,1.7714984009029457,0.6973484382155287
-0.2943339182604346,-1.254708012905368,0.06805728136449983,0.4961139923943259,-0.0993436234184249
1.3222152146954091,1.478763726469542,-1.349351219685108,-1.139833891108287,-2.3503634160653486
-0.9272862253815923,0.7019018644052957,0.5345388907923198,-0.18686809327808493,-0.18233317555858464
-0.598439158968939,-1.0811418125612466,0.9102026647683514,0.40805826204696877,0.1662006860620195
1.605558838174421,0.5457898784870714,-0.24032954053157393,-1.4867196119671182,-0.25717027356950906
-0.18557680313907207,-0.13542789969198826,-0.054485800324522125,0.19145895515003586,0.14582791949165327
-0.6269907392960266,0.37819442652907376,0.3128892664307811,-0.19345814605395148,-0.0710706801242616
-0.8086937908441494,-1.441690028840365,0.17699440481909348,1.1555307478314445,-0.6380593084920596
0.9508413171946266,-0.7267909702613731,-1.9134071668020773,-2.1204252199533804,-1.804092071462983
1.262542912716978,-0.41591687844135117,-0.19383533225245989,-1.0203950625349638,0.03584771184490497
0.5144464863028358,1.475684566431726,-0.9639986350965373,0.02144403962393695,-1.0542758433354043
-0.35352894204787877,1.0586559705424592,0.5030124889869536,0.08511370934148836,0.701746482482439
-0.7755970189411371,-2.2044379948864505,1.7917457153751948,0.596380873406776,0.6036446957249337
0.8519630157965209,-0.2866794957837864,-0.5497414986407871,-0.5300236340743287,-0.24801143460244254
-1.3624323267934586,-0.15709405257238995,0.6178311779153012,1.3375400766823011,0.250710749988007
0.2383778211022978,1.4171849242575543,-0.20444887748359702,0.4177172248179618,0.5149795066535225
-0.9109959267298035,0.9701247454437307,0.09280323957608405,1.3179326528282012,0.13172354672537737
0.9894845826850511,0.7839442445160825,-0.8980420832190036,-1.384682154986926,-0.6030647967938795
-1.1021796214138664,0.2269395556254628,0.7698403291064433,1.7517610888487194,1.139421021915875
0.5832731352865321,1.6492879185383544,-0.5127018085008526,0.5815485764713051,-0.34941267718072705
-1.03078250106274,0.8034934359542374,1.4317786618539243,1.361885892633259,0.8546406744699278
0.05509281580338809,-1.372618556808525,0.49051399661492123,0.1819762102704126,0.12521384697921745
0.46903345816615644,-1.0314530113220035,-0.8317103185934782,-2.1764352559628315,-2.133426821584501
0.01056239777594547,-0.31090863520593737,0.16477464242816722,0.3157817051265344,1.2794247869366078
0.7823938107317614,-0.9516015245705697,0.49510523488016267,-0.30022916009989326,0.3365456905271602
-2.0451640871841286,-0.12123153640059169,1.252506093418404,2.1080898170258076,0.6152546538545633
-0.31388168777008973,-0.8640335157601574,-0.2358414452405523,-0.31344444340838634,-1.3362308613538556
1.2104752588208816,0.5975610113369775,-1.2729012594431948,-1.235019037521116,-0.9654041223958895
1.0223721873017886,0.6655908584653529,-0.7928451482853107,0.35939809816778207,-0.09390500012885879
0.3991292638290951,0.9583331175407154,-0.5883466193220637,-1.5428575739426604,-1.087907941915605
0.17673843256656954,0.3892249502577268,0.3159736410775016,-0.6738296263499666,1.5658935683483066
-0.3209371247479412,-1.460478839370256,0.011697523741840849,0.5111085586163658,-0.05573764933304303
-0.04163926459307183,-1.2246347027369104,-0.4948870529331377,-1.489453587570135,-1.2529066220760174
-0.606342222257016,-0.5101031486239064,1.2109216686652353,0.9896166289680276,1.3268982620792984
-0.42656072398099054,-1.3024332662596052,1.7831171519856326,1.5066487325060276,1.3529212232652017
0.3650100647471091,-0.36953028479757305,-0.8210623539019137,-1.5182922442762186,0.08968756509808327
0.06248828615804143,-1.1910207993655118,-0.16667038566565703,0.09585854018194799,-0.24809035489190082
-0.8316808468345747,-0.8798883433908061,0.03455959160953181,0.7169494320227566,-0.2742315048901999
-0.13693383697984218,1.2478966336892776,0.018326283525854452,-0.0498295408684053,0.8368302140942044
0.11517926265677002,1.1032859800226806,1.2521653053743487,1.473917223485399,2.932528197350716
0.05103846200310859,-0.8098987264379801,0.9029769029874809,1.6170180181136482,0.8633528769245943
0.380325972654473,0.675234875684625,0.1169637634507192,-1.0436477590274678,-0.2168321016864657
0.005503046004908394,-1.583599703279117,-0.49396289060645493,0.34080783486645233,-0.8737105162648567
-0.9824168248942119,0.5391564709685949,0.21070265811085584,0.0944009480235085,-0.5252742086456201
0.6099127290108861,0.7532482469902712,-0.43034402401230926,0.4414433842495865,-0.33734978361739737
-2.0430968207744735,-0.5080545214180104,2.2754066239461093,0.5455542028646025,1.4164704749745063
-0.9620793985235669,-0.7149546199427212,1.4964426255638523,0.9566035719548305,0.8100535047191575
-0.13670572971649944,0.19814015737466886,-0.05709129471439822,0.09495500702310067,-0.8745274103774842
-0.31639346562850623,-0.31107250615248755,1.3535957528926832,0.06357029382391795,0.8584101610581228
1.0002394305645563,0.3743169533506805,-1.357930813113189,-0.8433199590457477,-0.26114165685116536
-0.9052860085675767,0.3352216466812438,-0.22882134753692968,1.0995727018876436,-0.15881435183999223
1.2280047579689566,0.7406935785563817,-0.8938303955128941,-0.6700221356622971,0.14667298572485254
-0.5926478703646915,-1.3339553079855528,0.43232172542886643,-0.22044972179712022,-0.7949541365764515
-2.316048220379062,0.7469367155378975,0.40514775196484865,1.7284452682412859,0.3205862194091004
-0.8600674846889921,-0.9140963615668733,0.4634021666587754,0.023004961772053467,0.14429097756854342
-1.1626059322871007,-0.5742415204630591,0.9655656026204884,0.9429072696800009,0.9483517744489199
-0.8066159649650837,0.6534908346812534,0.6983092257398805,-0.17572548148508454,1.2811752447365987
-1.3203777678842132,-0.17515860170099595,0.5697427225036037,0.9707067885239913,0.5692721907425042
0.9274146969040262,0.13903377929136865,-0.8324944284508703,0.05692964748700461,-0.9929700051411826
1.1202969921111952,0.33796242749667826,-0.1246566400849553,-1.5580207507752102,-0.5115414766915878
0.7852437647174111,0.1687226800266203,-0.573565528834848,-0.16464688538102853,-0.10272111183167949
-1.2024648598570022,-1.0409489517403623,1.0362227684046672,0.959845706711207,-0.546963326396824
-0.11806173581031448,-0.3482624935948255,-0.3964744392650465,0.1770927377136717,0.1921296989398433
-1.279674247459287,0.8606107291594102,0.8877341167047849,0.45300815139069267,1.0558052838314695
0.00615745916067745,0.14667265030307636,1.4200693835419451,0.7372284061812374,1.3529534919150896
-1.4654983697190795,-0.42697183074109724,0.5179869620680212,0.2983852593486723,0.13902018767180202
0.40533586447657294,0.1346748928149329,-1.1859393800945135,-0.2186007791199445,-1.1957133959633006
-0.3312682938270771,-0.40305121073768296,0.34093849673909277,1.1889409330647014,0.20398396869157448
-0.01804345125084862,0.4566064795214826,-0.5830399235108902,-0.2182303565299052,-1.017443616329419
0.6264432807824338,2.0322211336293496,-0.96066030319687,-0.8188260862313689,0.23697014813662237
-1.6019495706334814,1.1999227128051895,1.3164961595193954,2.4156556035235464,0.2288116001392755
-0.1577053224448369,-0.26612571577840155,0.11344331699709267,-0.4371583579668276,-0.6001329936962777
0.5146376156033742,0.6905847494477364,-1.083657827955465,-0.5869950094725804,-1.2180534609492166
0.0834365334878426,1.73344644037688,-0.21058030288250315,-0.5609669941110812,0.2518616855087461
1.1497540800810986,-0.41028136690178807,-0.2399407014611981,-0.23101810424868502,-0.12605351180403712
1.0200833641048364,1.0702473564247528,-0.74353474798912,-0.6403464614654588,-0.4814000221981638
0.299570467787155,-0.6858358540453414,-0.6017869670966024,-1.2118447078081263,-0.18717605533227075
0.3095101927528668,0.6214033286802696,0.4860821425905432,-0.388073300707224,0.5264213756712506
1.0889184472776559,0.3150200442544913,-0.6331127221003102,-0.12855867781493477,0.10147892330345887
-0.797332478666575,-0.3033644125332787,0.28238497835496185,0.1961951146983665,-0.4147834009942923
1.1961882339928647,-0.8746928584822788,-0.7758512215929485,-0.5845363783832656,-0.45611518675270424
-0.37651237847868047,-0.4754859479538632,0.9709750999741669,-0.6056943371801264,0.5568924554327059
0.9152332004905074,-0.15707726908200337,-1.011694813446154,-0.942160276653372,-1.7585698867314685
-0.3717970259205307,-0.6990752175600321,1.025844117583997,0.3662560780795638,-0.23422556669225938
0.1382195099325368,0.30952377918316176,-0.7164676444914639,0.2562673374632471,-0.4620564839521523
-0.4005868069479182,1.7311243098191569,-0.19987439450043856,0.4033219847082212,-0.0794608034364556
-0.3175404391914926,-0.42874601459607764,0.5703527177232296,0.6844817664710259,1.168499026667714
-0.36405808617441665,-1.2068795919326685,0.7906275576791114,1.669607036115816,0.4015327741456319
0.839415295083301,1.8169267196857732,-1.542945833561217,-0.6202610806782854,-1.0466332922027757
1.2581118695555589,-1.4446806359221696,-0.07946988598426168,-0.681567368286115,0.036477407627601856
0.7900830640428914,1.056927871599714,-0.1608688277292747,-1.1061343639938066,0.2551365203620251
0.6530335117663453,0.46488944543593147,-0.18659375730919137,-0.8515684274169874,0.14947972595961978
1.0618874857571607,0.9673990584368002,-0.8392440953504293,0.4497521720621824,0.41588545803610744
1.5344516496620302,-0.8769549109715561,-0.3450871098268338,-0.477795107692569,-0.2715106281025808
-1.019871488213551,-0.49288175683621194,1.9057018446367615,1.7807579281333568,1.9888091971990818
-1.5922139304059024,-0.6670045064091451,0.8161670607144965,0.26619598278065487,-0.5089623481381917
1.8258598457892168,-0.9456545149251236,-1.0869183384183088,-0.9341415981462659,1.3756962248050395
0.40252816128193564,0.39729658099474907,0.08123219600734705,-0.8985735418267803,-0.0319616340789955
1.0344572244141772,1.6844276722510576,-1.4255735096729303,-0.19123494731415316,0.516053387427897
0.7369043980293429,1.8182646171679038,-0.7600106427655582,-0.5043340719296381,-0.09818525996248663
-0.11173531893622589,0.6514150520690903,1.245854074982815,0.1927428153960064,0.6092403029717229
-0.8684220658954293,1.1075869642252967,0.12300412489637934,-0.15161056590890135,0.5708413307887754
1.2467161503530673,-0.4112795485102324,-0.6476890245044669,-0.9094012268999933,0.24026593937364674
-0.3696279356884231,-0.10945886787424762,0.8972531614194089,0.5015939218102319,1.6060220785204369
2.267822215643121,0.26802232385447233,-1.4347109334245747,-1.1541348039819501,-0.7088624070786499
-1.1121371836803584,-0.17814553288970222,0.45780698740937115,1.2651002733704355,0.6637738767924929
1.9581982200139212,0.5453948899340009,-0.36779765183169494,-1.151801087507267,0.8413507204194631
-0.9112355277531006,0.7737382905921714,-0.45409148709559866,-0.18486365637266075,0.19693092020650962
-0.85631693576723,1.2893920314499925,1.3845796821933296,1.339002345701409,0.9317529345917732
-1.447475901670038,0.7842396205840875,1.2504176704059062,1.494257332029987,1.025518715606656
1.0177659857358725,0.23075999122502386,-1.3358784394562409,-0.5603306051484536,-1.1401192017234674
-0.6356735955704068,0.826447643658491,0.17340803281572878,0.764493877519927,-0.026582419933024556
0.007093424778370721,-0.13472958101022647,0.014635388487019604,0.05476445191499492,0.009220312615250352
-0.76657758047932,0.03205720481053944,0.6583038236665368,1.5256273335647281,1.1282300941801893
-0.7467608979779278,1.1368242011804797,0.7358579524115992,0.1817044778224001,0.0919375203328085
-1.180456022913096,-2.0584348967672765,1.144878468699825,0.4552345400911623,0.5205134825411468
-1.7886397235404565,-1.5581210385083573,2.1894870239851967,1.8548226940249208,2.6293624148261405
0.04612902609999578,-1.412549329710035,0.7839736781498581,0.08808771423757356,-0.018076376050953632
1.6874373801396925,1.6762764108172372,-1.3128255942854876,-0.7128627250390894,-0.011379674703980956
-0.5109143036421082,-0.5506077558871467,0.777571712412792,0.8501741294581254,1.0624951189980274
1.1673665582328392,1.1299940954658276,-1.169305414544601,-1.8097442365244603,-1.6108186718391486
-0.30767359446216785,1.7642566535791913,-1.3542171930701334,-1.6018495480741637,-0.5341549031203681
-0.038631950780171856,1.1665616377062709,-1.2402697207902817,0.36613837379144304,-0.6578876058760975
-0.48631130275637985,-1.5310160472888534,0.8559973149870043,-0.27360069181689506,-0.15281743306465148
1.182859580794684,0.7925032135988639,-1.1854341328690128,-0.35276167452122087,-0.5692713492664468
1.3547626036731841,0.5950149421246692,-1.2643167693788806,-0.30988227188936485,-1.5678496834751292
0.38700918192085176,0.7456687071258452,0.13267692120016997,0.3401270573143518,0.34550043112527984
0.8821939244815055,0.17077673711153105,-1.5378483295245504,-0.21718703867235695,-0.6400658081621935
-0.7941616009470551,0.41298888806126777,1.2400750871316264,1.5273732300248777,1.4823779365446146
-0.031403326452422525,2.3186942224973945,0.36132163533330314,0.4332399614612509,0.9469355103926205
-1.9561716506231799,-0.30520584736633294,0.7293537332525217,0.9656973806191181,-0.4830228299287121
1.5236104867851077,0.5234291728243317,-1.5847864071992714,-0.6770692944647659,-1.2817567459363606
-1.1779726593530508,-1.3079166241742894,1.3963594873134364,1.2288390159966693,1.2676213255070934
1.6683314187636036,1.1464144230318358,-1.1545871485377848,-1.6727794016731992,-1.4653099895258594
1.0560878549118438,-0.39140310950285495,-1.0401167320926403,-1.1221274690393217,-1.03399277045133
0.5630189157137625,0.20797682151844865,0.25361816532763604,0.6294687145763532,0.571455542196264
0.7694492118169636,-1.1365497936403195,0.037472783724005414,-0.6284077961838035,-0.3607722617886492
0.723803203104076,0.34575451048495437,0.2825127737474698,1.1479292269248138,0.6267672311796034
-0.4852293770932305,-1.0372560404084958,-0.13816488468234336,0.5041158255715483,-0.36004786860605015
-0.12613386594670273,1.377830136019761,-1.0428212006682345,-0.8269624058044623,-1.7926078331539617
0.12688130021586833,-0.26860617770037415,-0.29700508709547246,-1.0201108321665895,-0.6086068594475924
0.20277083403712978,-0.7758861880121432,-0.37705064394857657,-0.15703331946870563,-0.04948547660920581
0.6947766203274472,-1.0989418830736857,0.08916540455983403,-0.07261505353146717,0.4922830783765411
-0.48342301002782123,-1.188144575753648,0.29297562495861074,0.5583322055869531,-0.38557870572851155
-1.4377272154247007,-0.3627020125129721,1.730308808571762,2.0688664497433367,0.6850516071346445
0.4655018673518789,0.20760632255817174,-0.432337773340081,0.44759593796552033,0.33570571769334684
-1.7434279157848809,-1.573803009765132,1.3412130944617227,2.0111794181343883,1.7835778248197505
0.6055285068236373,0.8949586477674941,-0.20659663418076102,-0.6546665670759689,-0.4976638495403555
-0.3716793653702011,-1.1316412871217725,-1.009701415582088,-0.6452057527161474,-1.4548101310328025
-0.26041105836692696,-0.7024057937371132,1.1219190381554096,0.28246497272688176,1.1048090364780527
1.5569395221498719,0.7284064723799861,-0.8453317366957414,-0.48483380352305067,-0.12618187909540476
-0.21352547983233558,0.6712061224372275,-0.8727512614010351,0.7123676239234861,-0.37214924579761177
-1.1293612738529366,-1.7312971393906302,0.8798882584073395,0.6775912962824074,-0.6709514432195344
1.1377731534552462,0.6408983829775645,0.4125134534759138,-0.13578005936467175,1.013592591229174
-0.0193704104802517,-0.07161824324123475,-0.24394063505609734,0.1118675058664138,-0.7164699324712127
0.540674821129187,0.5483634449602451,-0.2285682927770618,-0.9554266215301432,-0.1369438515076984
-0.2436335200926953,0.0359911673195377,0.12526061982262368,-0.0042971538379907364,-0.5960124437244159
-1.0893455022760195,-0.8346898529562669,1.6743471381620374,1.278080185430755,1.0120598533462128
-1.4862503806633705,-0.8843435019792205,0.4454724766737094,0.31092564698976366,-1.1875872930535776
-0.7795152585675656,-0.9503728815665116,1.6541029486331404,2.166057231581311,3.418651189155433
0.24292991224898114,0.46834361334908775,-0.9599781145146485,0.9101921585499302,-0.1707285117727723
-1.9905721780141172,-0.5243074233522722,-0.46125699741564335,1.535901760618039,-1.730775107876162
0.5229600865124151,1.4037460885507287,-1.1163940675755464,-0.36185109097001805,0.07247973147629376
-0.823137757741849,0.05507556278686436,1.200398626829819,1.5006647602861545,1.392919234742448
1.1671393297593615,0.7795451000876992,-1.8371598639131828,-1.6405476169242703,-2.648182784436831
2.1464488479245927,0.5177429737456899,-0.6781485713067587,-0.6127922172205262,-0.47493998201932247
-0.42631001930614276,-1.272396316250398,-0.6782495888603649,-0.45872925397436515,-0.8522246289532636
-0.32573067802416705,-1.1195363521072221,1.3663474511822131,-0.6158129374074478,1.1293575030927245
-1.4652008577278477,0.8861446194843444,0.054721821633942874,1.057739668671604,0.003604520530198168
0.7535990113880979,0.5950534179771395,-1.3351742978363446,-0.4040836982610505,-1.034685810336786
1.7615871564254724,0.6297526729660667,-0.653346765272268,-1.319291567864733,-0.5346738570323079
-1.213020651972145,-0.3419142431919592,-0.09328688470384237,0.6100649544144942,-0.5647919471946493
0.049928075495752684,0.5418561503763631,-0.3687937488506271,-0.23154661813003827,0.703215034952192
1.599667884472966,-0.1880207353982784,-1.8173528701819004,-2.175356572659254,-1.601652099015787
1.2756272149321355,2.7116298452753003,-1.8272548745979946,-1.2880720907444474,-0.6723593878689612
-0.10656220002057148,0.5436832572058715,-0.33474930415497933,0.029653635973936728,0.23758425706339784
-0.09747883354860833,-0.21188733637582668,0.7916178617093106,1.1059080051173928,2.3076129812815225
-0.25748325166833014,-0.8135174116656214,0.41172502958204366,0.6322265883904012,1.1221059184651958
0.3043947289080909,-1.302966931460999,-0.16598577667123357,0.9650750723774298,-2.0853927738087576
-0.3454598821637035,-0.6132548528223266,1.084007878432423,0.8640414924402599,0.8478166794497713
1.0881367548393617,2.2897401962769672,-0.14713361131667527,0.21571758975100908,0.9363135032275032
1.0062039595978935,0.4869648591823919,-1.0530276801891485,-1.2834493771018052,0.11297301336230588
0.7214277816147806,0.2578303108276006,-0.7508815418740056,-0.5051912985234308,-1.0593280717012035
0.5898994782125309,1.0164710406475677,-1.0083813478772687,-0.6321683802207408,-1.7611910304863212
0.04026000525740991,-1.0159524267754312,0.7475909179027378,1.0617645393860813,0.8067628938436283
1.5008042719087273,0.07510676927999002,-1.2769850244553556,-0.8749122739936807,-0.7329369794374853
-1.7208040305152006,0.9989908375324071,0.30114069903434687,0.43221863518029924,0.39449012607373635
1.1137152913398407,0.23767550641320656,-0.8249466877823044,-0.6039663697441591,0.1813477110132787
-0.8145157875991178,0.5485753398647276,0.3688493149650313,-0.22331036345314131,0.4462701104751099
-0.36342933479757605,0.7249219570182941,-0.8325760997418901,-0.8657604270648813,-0.9453782354246985
-0.693427006367542,-1.8425405565307584,0.9171713244402311,0.8005079717050795,1.061963758409601
-0.35681115447513007,-0.6645501830374789,0.22905903264614658,0.3007739854450114,-0.49501726779358635
-1.3274744286000202,-0.617262444419465,1.739899057538082,-0.3350870538612007,-0.10352096847912057
-1.2083829579114223,-1.084063996931017,1.6305431361117497,1.3446375319765347,0.7844280425291542
0.31828717129565515,0.2519839886240452,-1.3080423731561128,-0.7261642529363203,-1.8546116136553836
2.1649989754069185,0.2662007475635794,-1.8011273863675101,-0.6592694631445252,-0.6664009322818111
1.9306092046809076,1.123669409913319,-2.161106386787872,-1.7217144638310904,-2.299876529272294
0.32266757507440486,2.6734558940470805,-0.7126583083766257,0.8118334426320944,0.8087158116283706
-1.2096382339507963,-0.8088829711021452,0.7458572848777627,-0.18355551720592156,0.9249804874362327
-0.006829931189469834,0.21698920681360964,1.016885198977684,0.9090400038759734,0.8209194026875647
-0.24303755335122276,-0.7865654379846033,1.04598401211173,0.09774843795999544,1.5139941107034907
2.521216719021568,0.3291862976112726,-2.100176255730445,-1.1198481639108178,-0.22199068671411543
-0.2392866453867447,-0.10775501191974664,0.760706250009276,1.3201929337719023,0.36703577716470515
-0.840524321749267,0.5094196336015906,0.3185687387604943,0.619412173607546,0.31872682204320674
-1.262925412254242,-1.6379461424553243,0.9686349673567117,1.0674676389079603,0.7957594170610783
0.5404577972757354,0.5381443598285452,-0.7485624562057706,0.3248428365788296,0.6153993121052176
-0.6689605958678077,-1.829134848092389,1.710854528983515,1.562433947230442,1.653442488242996
0.8993739604562196,2.271322713185125,-1.6299024975413017,-1.074707156677615,-0.30133541437888367
0.9604200954148725,-0.06620440539301292,-1.3956763899495899,-1.1635946439924452,-1.1655270052893625
-0.695662577969045,-0.791916169841289,0.5116831016897544,-0.7163325728753782,-1.114409487341107
0.4367673149202153,0.2520900153285686,0.7966170773146042,-0.8656719289524114,-0.15155181962951725
0.029671328910874564,-0.6067936494868984,0.06230864818817833,0.4778384718221296,0.45124854219986
0.13294462439990606,-0.47010746349586524,-0.828419566964822,-0.6062762441670775,-0.4322482981822987
0.17183575877611404,-0.179817725110718,-0.19432166221762665,0.13254254703099563,-0.6381753428809325
2.374312768611999,0.1505984073345835,-2.132305632953049,-2.757890770952974,-1.874988204331501
-0.7454778882211742,-0.6771296775048518,0.5954312360970706,2.1984569838670565,0.9135488912350447
-0.752190953826549,-1.1513099984356445,0.6918468075647086,0.20271013675980146,-0.7466738955704241
-0.9207289855993495,1.4170643788063015,0.4613976172282571,1.266438772274259,-0.11841019683535321
-0.3944361130459158,0.5763087979142039,0.33006581786283923,0.2263680428363074,-0.20062229057170736
0.5019574453134609,-0.10249610164959522,-0.40112701346304064,0.32732661168659183,-0.27597504571447895
0.8581058011049676,0.7806075243029432,-1.8935491250106107,-2.644084757497731,-0.5343790443265384
0.04593363623503947,0.055814855069308875,-0.18457791115907557,-0.33596301971667697,-0.5349991719839282
0.9038693903098421,0.1483661172330656,-1.5217723094503344,-2.805572179170472,-2.803110998545636
-0.7935169954008287,1.6502576146359123,0.594295267289969,0.1534969913638081,1.2496199725646668
-0.14724155261510086,-0.7942453672305152,0.21136624157929687,0.020014666213843627,-0.7046741769550956
-0.38928914907901724,0.3520991452860977,-0.18087328530190488,0.3204678851375578,-0.5781455956628041
1.4563550398750986,2.1852729690195662,-1.7523637815971482,-0.8047588845109306,-0.12084490314370963
-0.11712594576247443,-0.06438173631084926,-0.9775436712022406,-0.5019070629490834,-0.5950259360690876
0.06506916314790623,-0.4511946703053874,0.0156613912877729,-0.14875697931642803,-0.46578230033555773
-1.6447406664312103,0.2805167746658568,0.6875813578671379,-0.34982182292383834,-0.12945193724008455
-1.077216777213519,0.5386544904176254,0.42538389079561784,0.16012818413071606,1.0373530504445152
-0.19778039010906467,-0.19854660562319382,0.0012557405288343398,-0.2961377591197191,0.41332498661371064
1.5669814380503055,1.4774875223590855,-1.0891804173359796,-0.31102856163979853,-0.013046610980919734
-1.4616448721056914,-0.5100554378895957,0.8971005046040031,1.0521269986892743,1.2435616082187124
1.0174112308952568,0.9406877459966225,-0.6052487878229922,-0.34835437077040204,-0.23400577281377466
-0.22220311630116196,-0.09412075970921523,-0.26862934203645095,0.19565034088967967,0.09108585252940227
-0.033541907417647225,-2.400231789016645,0.27723157382229746,-0.9270795795530995,-1.149544061306542
-1.0002400413359338,-1.831277368934311,0.7874163927615615,0.6367247395312674,0.23881720061024317
-1.361270878128848,-0.18944760689051796,0.11763136402653421,0.6964842101871782,-0.6904767667841409
-0.33823268234914083,0.67605461827894,0.8887408263224128,0.7311589132453655,2.6169172310138347
0.4326569334944543,-0.11438688722380747,-0.4058600279511974,-0.2197686210821851,0.7151235209847364
-1.1625497995277505,-0.3430398525124349,1.3348927012516763,1.9919191423416083,0.66687625184819
0.09964802198018094,0.27257002743091174,0.45031411640130425,0.9538798932094402,1.1675857439433182
-0.9704502120427055,-0.283239577902323,1.1097900462612889,0.45148916229048736,0.5632128350347845
0.2609513510556531,1.2191046549585278,-0.5075917560160506,-0.7084071866332349,-0.6587582049021949
-0.6719911385313566,0.6763498904377304,0.311554030872633,0.8318045324420075,-0.0809464739366945
0.1957497751327161,-0.7185387230738126,-0.54908666765674,-1.02244399190944,-0.5428354787656844
-0.14297265701236161,0.5990571173309366,0.7383187905708134,0.4236169976429757,0.9950867635796586
-0.09115961326863908,-0.03230772728472848,0.5424466580888228,0.3386068848355142,-1.014973323268371
-1.1562111347221045,-1.4883726535518456,0.8352851241440483,0.6709909866349063,-0.4543197787437162
-0.6046163500851869,-1.2709562710028304,0.7325207238375959,0.3413230300465584,0.2688940200867011
